Session ID,Event Count,Anon Src IP,Port,Start Time,End Time,Commands,VT Labels,VT Reputation,Geo Location,ISP,Malicious_Flag
1.74E+18,3,12.47.16.179,64894,4/2/2025 13:31,4/2/2025 13:31,,"malicious, phishing, malware",-4,US,AS396982 Google LLC,0
1.74E+18,2,152.60.107.203,37427,4/2/2025 15:16,4/2/2025 15:16,,"malicious, malware",0,FR,AS213412 ONYPHE SAS,0
1.74E+18,4,152.60.107.185,36489,4/2/2025 15:16,4/2/2025 15:16,C-ECHO,"malicious, malware",0,FR,AS213412 ONYPHE SAS,0
1.74E+18,2,152.60.107.204,60303,4/2/2025 15:17,4/2/2025 15:17,,"malicious, malware",0,FR,AS213412 ONYPHE SAS,0
1.74E+18,2,152.60.107.201,38671,4/2/2025 15:17,4/2/2025 15:17,,"malicious, malware",0,FR,AS213412 ONYPHE SAS,0
1.74E+18,2,108.90.122.152,57700,4/2/2025 17:37,4/2/2025 17:38,,"malicious, malware, phishing",0,FI,AS396982 Google LLC,0
1.74E+18,2,108.90.122.152,57702,4/2/2025 17:37,4/2/2025 17:38,,"malicious, malware, phishing",0,FI,AS396982 Google LLC,0
1.74E+18,2,0.71.179.111,59823,4/2/2025 23:41,4/2/2025 23:41,,malicious,-2,US,AS213412 ONYPHE SAS,0
1.74E+18,4,0.71.179.109,51691,4/2/2025 23:41,4/2/2025 23:41,C-ECHO,"malicious, malware",-1,US,AS213412 ONYPHE SAS,0
1.74E+18,2,152.60.107.150,37831,3/22/2025 6:46,3/22/2025 6:46,,"malicious, malware",-1,FR,AS213412 ONYPHE SAS,0
1.74E+18,3,152.60.107.234,46299,3/22/2025 6:46,3/22/2025 6:46,,"malicious, malware",0,FR,AS213412 ONYPHE SAS,0
1.74E+18,3,211.156.121.1,41453,3/22/2025 7:11,3/22/2025 7:11,,"malicious, malware, phishing",-1,US,"AS211680 NSEC - Sistemas Informaticos, S.A.",0
1.74E+18,2,200.238.34.90,49817,3/22/2025 8:40,3/22/2025 8:40,,"malicious, malware",0,US,AS16276 OVH SAS,0
1.74E+18,3,231.36.29.9,59944,3/22/2025 10:02,3/22/2025 10:02,,,0,CN,AS4837 CHINA UNICOM China169 Backbone,0
1.74E+18,3,12.47.16.129,58990,3/22/2025 13:34,3/22/2025 13:34,,"malicious, malware, phishing",-57,US,AS396982 Google LLC,1
1.74E+18,2,0.71.179.149,42027,3/22/2025 23:10,3/22/2025 23:10,,"malicious, malware",0,US,AS213412 ONYPHE SAS,0
1.74E+18,3,0.71.179.145,45591,3/22/2025 23:10,3/22/2025 23:11,,malicious,-1,US,AS213412 ONYPHE SAS,0
1.74E+18,3,12.47.16.213,65258,3/23/2025 2:32,3/23/2025 2:32,,"malicious, phishing, malware",-2,US,AS396982 Google LLC,0
1.74E+18,3,211.156.122.34,55919,3/21/2025 15:23,3/21/2025 15:23,,"malicious, phishing, malware",0,NL,"AS211680 NSEC - Sistemas Informaticos, S.A.",0
1.74E+18,3,6.251.21.46,63816,3/20/2025 13:34,3/20/2025 13:34,,"malicious, malware, phishing",-6,BE,AS396982 Google LLC,0
1.74E+18,2,91.216.17.102,37364,3/21/2025 0:53,3/21/2025 0:53,,,0,VN,AS45899 VNPT Corp,0
1.74E+18,2,91.216.17.102,52290,3/21/2025 0:53,3/21/2025 0:53,,,0,VN,AS45899 VNPT Corp,0
1.74E+18,2,91.216.17.102,33552,3/21/2025 0:53,3/21/2025 0:53,,,0,VN,AS45899 VNPT Corp,0
1.74E+18,2,91.216.17.102,33572,3/21/2025 0:53,3/21/2025 0:53,,,0,VN,AS45899 VNPT Corp,0
1.74E+18,2,152.60.107.194,56185,3/21/2025 1:58,3/21/2025 1:58,,"malicious, malware",0,FR,AS213412 ONYPHE SAS,0
1.74E+18,4,152.60.107.199,44049,3/21/2025 1:58,3/21/2025 1:58,C-ECHO,"malicious, malware",0,FR,AS213412 ONYPHE SAS,0
1.74E+18,3,12.47.16.219,65464,3/21/2025 2:33,3/21/2025 2:33,,"malicious, phishing, malware",-3,US,AS396982 Google LLC,0
1.74E+18,4,255.252.218.199,38821,3/19/2025 9:16,3/19/2025 9:16,C-ECHO,"malware, malicious",0,US,AS16276 OVH SAS,0
1.74E+18,3,12.47.16.89,62720,3/20/2025 2:38,3/20/2025 2:38,,"malicious, phishing, malware",-9,BR,AS396982 Google LLC,0
1.74E+18,4,200.238.34.87,33091,3/20/2025 2:44,3/20/2025 2:44,C-ECHO,malware,0,US,AS16276 OVH SAS,0
1.74E+18,2,152.60.107.245,60227,3/18/2025 15:20,3/18/2025 15:20,,"malicious, malware",-1,FR,AS213412 ONYPHE SAS,0
1.74E+18,3,12.47.16.167,58818,3/19/2025 2:31,3/19/2025 2:31,,"malicious, malware, phishing",-4,US,AS396982 Google LLC,0
1.74E+18,3,255.252.218.197,32967,3/16/2025 6:17,3/16/2025 6:17,,,0,US,AS16276 OVH SAS,0
1.74E+18,2,240.120.197.114,60558,3/16/2025 19:08,3/16/2025 19:08,,,0,US,"AS16509 Amazon.com, Inc.",0
1.74E+18,2,240.120.197.114,46536,3/16/2025 19:08,3/16/2025 19:09,,,0,US,"AS16509 Amazon.com, Inc.",0
1.74E+18,2,240.120.197.114,46144,3/16/2025 19:17,3/16/2025 19:17,,,0,US,"AS16509 Amazon.com, Inc.",0
1.74E+18,2,240.120.197.114,56738,3/16/2025 19:19,3/16/2025 19:20,,,0,US,"AS16509 Amazon.com, Inc.",0
1.74E+18,2,152.60.107.147,58973,3/15/2025 12:54,3/15/2025 12:54,,"malicious, malware",0,FR,AS213412 ONYPHE SAS,0
1.74E+18,3,152.60.107.236,34463,3/15/2025 12:54,3/15/2025 12:54,,"malicious, malware",-1,FR,AS213412 ONYPHE SAS,0
1.74E+18,3,12.47.16.238,58734,3/16/2025 2:33,3/16/2025 2:33,,"malicious, phishing, malware",-3,US,AS396982 Google LLC,0
1.74E+18,3,6.251.21.162,64382,3/14/2025 13:45,3/14/2025 13:47,,"malicious, malware, phishing",-3,TW,AS396982 Google LLC,0
1.74E+18,3,30.221.167.3,22349,3/14/2025 21:03,3/14/2025 21:03,,malware,0,CN,AS4134 CHINANET-BACKBONE,0
1.74E+18,3,7.77.231.15,52232,3/14/2025 23:14,3/14/2025 23:14,,"malicious, phishing, malware",-1,HK,"AS398722 Censys, Inc.",0
1.74E+18,3,108.90.123.252,60336,3/13/2025 13:36,3/13/2025 13:37,,"malicious, phishing, malware",-4,US,AS396982 Google LLC,0
1.74E+18,2,108.90.123.69,59756,3/13/2025 15:00,3/13/2025 15:01,,"phishing, malicious, malware",0,US,AS396982 Google LLC,0
1.74E+18,2,108.90.123.69,59758,3/13/2025 15:00,3/13/2025 15:01,,"phishing, malicious, malware",0,US,AS396982 Google LLC,0
1.74E+18,2,212.63.113.73,62772,3/14/2025 1:38,3/14/2025 1:38,,malware,0,IN,AS146943 Tier 4 Cloud Services,0
1.74E+18,3,12.47.16.193,57884,3/14/2025 2:29,3/14/2025 2:31,,"malicious, phishing, malware",-2,US,AS396982 Google LLC,0
1.74E+18,3,6.251.21.216,59582,3/14/2025 2:36,3/14/2025 2:36,,"malicious, phishing, malware",-3,TW,AS396982 Google LLC,0
1.74E+18,3,12.47.16.41,60524,3/11/2025 13:38,3/11/2025 13:38,,"malicious, phishing, malware",-3,BR,AS396982 Google LLC,0
1.74E+18,2,89.36.25.201,62190,3/11/2025 18:09,3/11/2025 18:09,,"malicious, malware, phishing",-1,US,AS396982 Google LLC,0
1.74E+18,2,89.36.25.201,62204,3/11/2025 18:09,3/11/2025 18:09,,"malicious, malware, phishing",-1,US,AS396982 Google LLC,0
1.74E+18,2,121.55.196.1,50955,4/1/2025 9:33,4/1/2025 9:33,,malware,-2,FR,AS16276 OVH SAS,0
1.74E+18,4,121.55.196.13,34401,4/1/2025 9:33,4/1/2025 9:33,C-ECHO,"malicious, malware",-1,FR,AS16276 OVH SAS,0
1.74E+18,2,91.216.17.102,46044,4/1/2025 15:46,4/1/2025 15:47,,,0,VN,AS45899 VNPT Corp,0
1.74E+18,2,91.216.17.102,37790,4/1/2025 15:46,4/1/2025 15:47,,,0,VN,AS45899 VNPT Corp,0
1.74E+18,2,91.216.17.102,37822,4/1/2025 15:47,4/1/2025 15:47,,,0,VN,AS45899 VNPT Corp,0
1.74E+18,2,91.216.17.102,46060,4/1/2025 15:47,4/1/2025 15:47,,,0,VN,AS45899 VNPT Corp,0
1.74E+18,3,6.251.21.174,62944,3/10/2025 13:40,3/10/2025 13:41,,"malicious, phishing, malware",-4,TW,AS396982 Google LLC,0
1.74E+18,2,220.54.102.121,59698,3/10/2025 17:45,3/10/2025 17:45,,"malicious, malware, phishing",0,GB,AS396982 Google LLC,0
1.74E+18,2,220.54.102.121,59704,3/10/2025 17:45,3/10/2025 17:45,,"malicious, malware, phishing",0,GB,AS396982 Google LLC,0
1.74E+18,3,7.77.230.145,44518,3/11/2025 0:28,3/11/2025 0:29,,"malicious, phishing, malware",-4,HK,"AS398722 Censys, Inc.",0
1.74E+18,4,200.238.144.128,55467,3/9/2025 6:20,3/9/2025 6:20,C-ECHO,malware,0,US,AS16276 OVH SAS,0
1.74E+18,2,121.55.196.7,37691,3/8/2025 12:52,3/8/2025 12:52,,"malicious, malware",0,FR,AS16276 OVH SAS,0
1.74E+18,4,121.55.196.3,37911,3/8/2025 12:52,3/8/2025 12:52,C-ECHO,malware,-2,FR,AS16276 OVH SAS,0
1.74E+18,2,220.54.102.3,63594,3/8/2025 13:25,3/8/2025 13:25,,"malicious, malware, phishing",-1,GB,AS396982 Google LLC,0
1.74E+18,2,220.54.102.3,63604,3/8/2025 13:25,3/8/2025 13:25,,"malicious, malware, phishing",-1,GB,AS396982 Google LLC,0
1.74E+18,3,6.251.21.166,60524,3/8/2025 13:43,3/8/2025 13:43,,"malicious, phishing, malware",-8,TW,AS396982 Google LLC,0
1.74E+18,2,5.59.119.216,53818,3/8/2025 16:06,3/8/2025 16:06,,"malware, malicious",-1,NL,AS401116 Nybula LLC,0
1.74E+18,2,5.59.119.216,59692,3/8/2025 16:06,3/8/2025 16:07,,"malware, malicious",-1,NL,AS401116 Nybula LLC,0
1.74E+18,2,102.68.226.223,43964,3/9/2025 2:53,3/9/2025 2:53,,"malicious, malware, phishing",0,HK,AS135377 UCLOUD INFORMATION TECHNOLOGY (HK) LIMITED,0
1.74E+18,2,102.68.226.223,43972,3/9/2025 2:53,3/9/2025 2:53,,"malicious, malware, phishing",0,HK,AS135377 UCLOUD INFORMATION TECHNOLOGY (HK) LIMITED,0
1.74E+18,2,102.68.226.223,47246,3/9/2025 2:53,3/9/2025 2:53,,"malicious, malware, phishing",0,HK,AS135377 UCLOUD INFORMATION TECHNOLOGY (HK) LIMITED,0
1.74E+18,2,102.68.226.223,54130,3/9/2025 2:53,3/9/2025 2:53,,"malicious, malware, phishing",0,HK,AS135377 UCLOUD INFORMATION TECHNOLOGY (HK) LIMITED,0
1.74E+18,2,102.68.226.223,39660,3/9/2025 2:53,3/9/2025 2:53,,"malicious, malware, phishing",0,HK,AS135377 UCLOUD INFORMATION TECHNOLOGY (HK) LIMITED,0
1.74E+18,2,102.68.226.223,50132,3/9/2025 2:53,3/9/2025 2:54,,"malicious, malware, phishing",0,HK,AS135377 UCLOUD INFORMATION TECHNOLOGY (HK) LIMITED,0
1.74E+18,2,102.68.226.223,43474,3/9/2025 2:54,3/9/2025 2:54,,"malicious, malware, phishing",0,HK,AS135377 UCLOUD INFORMATION TECHNOLOGY (HK) LIMITED,0
1.74E+18,2,240.127.132.215,58132,3/7/2025 9:32,3/7/2025 9:32,,,-1,US,"AS16509 Amazon.com, Inc.",0
1.74E+18,2,240.127.132.215,58144,3/7/2025 9:32,3/7/2025 9:32,,,-1,US,"AS16509 Amazon.com, Inc.",0
1.74E+18,2,240.127.132.215,56354,3/7/2025 9:35,3/7/2025 9:35,,,-1,US,"AS16509 Amazon.com, Inc.",0
1.74E+18,2,240.127.132.215,57354,3/7/2025 9:36,3/7/2025 9:36,,,-1,US,"AS16509 Amazon.com, Inc.",0
1.74E+18,2,240.127.132.215,58114,3/7/2025 9:41,3/7/2025 9:41,,,-1,US,"AS16509 Amazon.com, Inc.",0
1.74E+18,2,240.127.132.215,49928,3/7/2025 9:42,3/7/2025 9:42,,,-1,US,"AS16509 Amazon.com, Inc.",0
1.74E+18,3,108.90.123.173,62964,3/7/2025 13:33,3/7/2025 13:34,,"malware, phishing, malicious",-2,US,AS396982 Google LLC,0
1.74E+18,2,93.154.168.104,34396,3/6/2025 5:39,3/6/2025 5:39,,"malicious, malware, phishing",-1,VN,AS135377 UCLOUD INFORMATION TECHNOLOGY (HK) LIMITED,0
1.74E+18,2,93.154.168.104,34408,3/6/2025 5:39,3/6/2025 5:39,,"malicious, malware, phishing",-1,VN,AS135377 UCLOUD INFORMATION TECHNOLOGY (HK) LIMITED,0
1.74E+18,2,93.154.168.104,43284,3/6/2025 5:39,3/6/2025 5:39,,"malicious, malware, phishing",-1,VN,AS135377 UCLOUD INFORMATION TECHNOLOGY (HK) LIMITED,0
1.74E+18,2,93.154.168.104,36450,3/6/2025 5:39,3/6/2025 5:40,,"malicious, malware, phishing",-1,VN,AS135377 UCLOUD INFORMATION TECHNOLOGY (HK) LIMITED,0
1.74E+18,2,93.154.168.104,34654,3/6/2025 5:39,3/6/2025 5:40,,"malicious, malware, phishing",-1,VN,AS135377 UCLOUD INFORMATION TECHNOLOGY (HK) LIMITED,0
1.74E+18,2,93.154.168.104,55406,3/6/2025 5:40,3/6/2025 5:40,,"malicious, malware, phishing",-1,VN,AS135377 UCLOUD INFORMATION TECHNOLOGY (HK) LIMITED,0
1.74E+18,2,93.154.168.104,42892,3/6/2025 5:40,3/6/2025 5:40,,"malicious, malware, phishing",-1,VN,AS135377 UCLOUD INFORMATION TECHNOLOGY (HK) LIMITED,0
1.74E+18,3,12.47.16.218,63612,3/6/2025 13:38,3/6/2025 13:39,,"malicious, phishing, malware",-5,US,AS396982 Google LLC,0
1.74E+18,3,69.244.66.168,44319,3/5/2025 8:27,3/5/2025 8:27,,"malicious, phishing, malware",0,NL,AS21859 Zenlayer Inc,0
1.74E+18,3,108.90.123.206,64282,3/5/2025 2:36,3/5/2025 2:36,,"malicious, malware, phishing",-5,US,AS396982 Google LLC,0
1.74E+18,3,108.90.123.112,60784,3/3/2025 13:30,3/3/2025 13:31,,"phishing, malicious, malware",-3,US,AS396982 Google LLC,0
1.74E+18,3,6.251.21.100,60732,3/4/2025 2:29,3/4/2025 2:31,,"malicious, malware, phishing",-3,BE,AS396982 Google LLC,0
1.74E+18,3,12.47.16.165,62958,3/4/2025 3:12,3/4/2025 3:12,,"malicious, phishing, malware",-4,US,AS396982 Google LLC,0
1.74E+18,4,108.121.24.218,35697,3/2/2025 6:12,3/2/2025 6:12,C-ECHO,"malicious, malware, phishing",-2,US,AS16276 OVH SAS,0
1.74E+18,3,6.251.21.215,57916,3/2/2025 13:43,3/2/2025 13:43,,"malicious, phishing, malware",-6,TW,AS396982 Google LLC,0
1.74E+18,3,108.90.123.195,62406,3/3/2025 2:32,3/3/2025 2:32,,"malware, phishing, malicious",-4,US,AS396982 Google LLC,0
1.74E+18,2,121.55.196.13,34165,3/1/2025 12:48,3/1/2025 12:48,,"malicious, malware",-1,FR,AS16276 OVH SAS,0
1.74E+18,4,121.55.196.14,33387,3/1/2025 12:48,3/1/2025 12:48,C-ECHO,malware,-2,FR,AS16276 OVH SAS,0
1.74E+18,3,108.90.123.3,59554,3/2/2025 2:36,3/2/2025 2:36,,"malicious, phishing, malware",-4,US,AS396982 Google LLC,0
1.74E+18,2,69.29.84.220,53912,3/31/2025 5:24,3/31/2025 5:24,,"malware, malicious",0,NL,AS213790 Limited Network LTD,0
1.74E+18,2,69.29.84.220,55383,3/31/2025 5:24,3/31/2025 5:24,,"malware, malicious",0,NL,AS213790 Limited Network LTD,0
1.74E+18,2,0.57.223.235,31181,3/31/2025 9:10,3/31/2025 9:10,,malicious,0,GR,"AS12364 University of Macedonia, Economic and Social Sciences",0
1.74E+18,2,0.57.223.235,29137,3/31/2025 9:10,3/31/2025 9:10,,malicious,0,GR,"AS12364 University of Macedonia, Economic and Social Sciences",0
1.74E+18,2,0.57.223.235,29358,3/31/2025 9:10,3/31/2025 9:10,,malicious,0,GR,"AS12364 University of Macedonia, Economic and Social Sciences",0
1.74E+18,2,0.57.223.235,28450,3/31/2025 9:10,3/31/2025 9:11,,malicious,0,GR,"AS12364 University of Macedonia, Economic and Social Sciences",0
1.74E+18,2,0.57.223.235,31872,3/31/2025 9:11,3/31/2025 9:11,,malicious,0,GR,"AS12364 University of Macedonia, Economic and Social Sciences",0
1.74E+18,2,0.57.223.235,32723,3/31/2025 9:11,3/31/2025 9:11,,malicious,0,GR,"AS12364 University of Macedonia, Economic and Social Sciences",0
1.74E+18,2,200.87.179.255,52513,3/31/2025 10:59,3/31/2025 10:59,,"phishing, malicious",0,FR,AS16276 OVH SAS,0
1.74E+18,4,200.87.179.249,46635,3/31/2025 10:59,3/31/2025 10:59,C-ECHO,"phishing, malicious, malware",-1,FR,AS16276 OVH SAS,0
1.74E+18,3,7.77.230.52,49394,3/31/2025 13:47,3/31/2025 13:47,,"malicious, phishing, malware",-3,HK,"AS398722 Censys, Inc.",0
1.74E+18,3,108.90.123.80,59946,3/31/2025 18:45,3/31/2025 18:46,,"malware, phishing, malicious",-3,US,AS396982 Google LLC,0
1.74E+18,2,220.54.103.81,60524,3/31/2025 21:27,3/31/2025 21:28,,"malicious, phishing, malware",-1,GB,AS396982 Google LLC,0
1.74E+18,2,220.54.103.81,60536,3/31/2025 21:28,3/31/2025 21:28,,"malicious, phishing, malware",-1,GB,AS396982 Google LLC,0
1.74E+18,2,240.143.62.155,45894,2/28/2025 6:39,2/28/2025 6:39,,,-1,US,"AS16509 Amazon.com, Inc.",0
1.74E+18,2,240.143.62.155,45896,2/28/2025 6:39,2/28/2025 6:39,,,-1,US,"AS16509 Amazon.com, Inc.",0
1.74E+18,2,240.143.62.155,37594,2/28/2025 6:42,2/28/2025 6:43,,,-1,US,"AS16509 Amazon.com, Inc.",0
1.74E+18,2,240.143.62.155,54508,2/28/2025 6:46,2/28/2025 6:46,,,-1,US,"AS16509 Amazon.com, Inc.",0
1.74E+18,2,240.143.62.155,34876,2/28/2025 6:47,2/28/2025 6:48,,,-1,US,"AS16509 Amazon.com, Inc.",0
1.74E+18,2,240.143.62.155,45554,2/28/2025 6:50,2/28/2025 6:50,,,-1,US,"AS16509 Amazon.com, Inc.",0
1.74E+18,3,108.90.123.238,61146,3/1/2025 2:37,3/1/2025 2:37,,"malicious, phishing, malware",-2,US,AS396982 Google LLC,0
1.74E+18,2,174.32.214.93,40780,3/29/2025 4:26,3/29/2025 4:27,,"malicious, malware",0,KR,AS3786 LG DACOM Corporation,0
1.74E+18,2,174.32.214.93,49039,3/29/2025 4:27,3/29/2025 4:27,,"malicious, malware",0,KR,AS3786 LG DACOM Corporation,0
1.74E+18,2,174.32.214.93,50914,3/29/2025 4:27,3/29/2025 4:27,,"malicious, malware",0,KR,AS3786 LG DACOM Corporation,0
1.74E+18,2,174.32.214.93,54727,3/29/2025 4:27,3/29/2025 4:27,,"malicious, malware",0,KR,AS3786 LG DACOM Corporation,0
1.74E+18,2,174.32.214.93,53592,3/29/2025 4:27,3/29/2025 4:27,,"malicious, malware",0,KR,AS3786 LG DACOM Corporation,0
1.74E+18,2,174.32.214.93,47073,3/29/2025 4:27,3/29/2025 4:28,,"malicious, malware",0,KR,AS3786 LG DACOM Corporation,0
1.74E+18,2,240.118.50.8,44584,3/29/2025 7:32,3/29/2025 7:32,,malware,0,US,"AS16509 Amazon.com, Inc.",0
1.74E+18,2,240.118.50.8,37406,3/29/2025 7:32,3/29/2025 7:32,,malware,0,US,"AS16509 Amazon.com, Inc.",0
1.74E+18,2,240.118.50.8,37420,3/29/2025 7:32,3/29/2025 7:32,,malware,0,US,"AS16509 Amazon.com, Inc.",0
1.74E+18,2,240.118.50.8,37432,3/29/2025 7:32,3/29/2025 7:32,,malware,0,US,"AS16509 Amazon.com, Inc.",0
1.74E+18,2,240.118.50.8,37442,3/29/2025 7:32,3/29/2025 7:32,,malware,0,US,"AS16509 Amazon.com, Inc.",0
1.74E+18,2,240.118.50.8,54346,3/29/2025 7:32,3/29/2025 7:33,,malware,0,US,"AS16509 Amazon.com, Inc.",0
1.74E+18,2,18.196.199.91,42517,3/29/2025 8:26,3/29/2025 8:26,,"malicious, malware",-2,FR,AS16276 OVH SAS,0
1.74E+18,4,18.196.199.91,45805,3/29/2025 8:26,3/29/2025 8:26,C-ECHO,"malicious, malware",-2,FR,AS16276 OVH SAS,0
1.74E+18,2,208.51.156.36,57174,3/29/2025 11:50,3/29/2025 11:50,,,0,SG,"AS45102 Alibaba (US) Technology Co., Ltd.",0
1.74E+18,3,6.251.21.69,59614,3/29/2025 13:36,3/29/2025 13:37,,"malicious, malware, phishing",-3,BE,AS396982 Google LLC,0
1.74E+18,3,95.30.117.167,52214,3/29/2025 23:28,3/29/2025 23:28,,"malicious, phishing, malware",-3,US,"AS398324 Censys, Inc.",0
1.74E+18,2,255.252.218.196,49779,3/29/2025 23:39,3/29/2025 23:39,,"malicious, malware",0,US,AS16276 OVH SAS,0
1.74E+18,3,255.252.218.193,46695,3/29/2025 23:39,3/29/2025 23:39,,"malicious, malware",0,US,AS16276 OVH SAS,0
1.74E+18,2,194.244.166.158,58331,3/30/2025 1:42,3/30/2025 1:42,,"malicious, malware",0,SG,AS4657 StarHub Ltd,0
1.74E+18,2,194.244.166.158,59839,3/30/2025 1:42,3/30/2025 1:42,,"malicious, malware",0,SG,AS4657 StarHub Ltd,0
1.74E+18,2,194.244.166.158,61385,3/30/2025 1:42,3/30/2025 1:43,,"malicious, malware",0,SG,AS4657 StarHub Ltd,0
1.74E+18,2,194.244.166.158,62880,3/30/2025 1:43,3/30/2025 1:43,,"malicious, malware",0,SG,AS4657 StarHub Ltd,0
1.74E+18,2,194.244.166.158,64437,3/30/2025 1:43,3/30/2025 1:43,,"malicious, malware",0,SG,AS4657 StarHub Ltd,0
1.74E+18,2,194.244.166.158,49537,3/30/2025 1:43,3/30/2025 1:43,,"malicious, malware",0,SG,AS4657 StarHub Ltd,0
1.74E+18,2,174.32.214.93,17269,3/28/2025 8:31,3/28/2025 8:31,,"malicious, malware",0,KR,AS3786 LG DACOM Corporation,0
1.74E+18,2,174.32.214.93,33735,3/28/2025 8:31,3/28/2025 8:31,,"malicious, malware",0,KR,AS3786 LG DACOM Corporation,0
1.74E+18,2,174.32.214.93,33431,3/28/2025 8:31,3/28/2025 8:31,,"malicious, malware",0,KR,AS3786 LG DACOM Corporation,0
1.74E+18,2,174.32.214.93,26883,3/28/2025 8:31,3/28/2025 8:31,,"malicious, malware",0,KR,AS3786 LG DACOM Corporation,0
1.74E+18,2,174.32.214.93,46287,3/28/2025 8:31,3/28/2025 8:32,,"malicious, malware",0,KR,AS3786 LG DACOM Corporation,0
1.74E+18,2,174.32.214.93,64705,3/28/2025 8:32,3/28/2025 8:32,,"malicious, malware",0,KR,AS3786 LG DACOM Corporation,0
1.74E+18,3,108.90.123.12,58798,3/28/2025 13:50,3/28/2025 13:50,,"malicious, malware, phishing",-2,US,AS396982 Google LLC,0
1.74E+18,2,89.36.25.191,61462,3/28/2025 15:17,3/28/2025 15:17,,"malicious, malware",0,US,AS396982 Google LLC,0
1.74E+18,2,89.36.25.191,61464,3/28/2025 15:17,3/28/2025 15:17,,"malicious, malware",0,US,AS396982 Google LLC,0
1.74E+18,2,169.206.166.47,45552,3/28/2025 15:41,3/28/2025 15:41,,"malicious, phishing, malware",-1,TH,AS135377 UCLOUD INFORMATION TECHNOLOGY (HK) LIMITED,0
1.74E+18,2,169.206.166.47,46638,3/28/2025 15:41,3/28/2025 15:41,,"malicious, phishing, malware",-1,TH,AS135377 UCLOUD INFORMATION TECHNOLOGY (HK) LIMITED,0
1.74E+18,2,169.206.166.47,47056,3/28/2025 15:41,3/28/2025 15:41,,"malicious, phishing, malware",-1,TH,AS135377 UCLOUD INFORMATION TECHNOLOGY (HK) LIMITED,0
1.74E+18,2,169.206.166.47,48558,3/28/2025 15:41,3/28/2025 15:41,,"malicious, phishing, malware",-1,TH,AS135377 UCLOUD INFORMATION TECHNOLOGY (HK) LIMITED,0
1.74E+18,2,169.206.166.47,49010,3/28/2025 15:41,3/28/2025 15:41,,"malicious, phishing, malware",-1,TH,AS135377 UCLOUD INFORMATION TECHNOLOGY (HK) LIMITED,0
1.74E+18,2,169.206.166.47,49422,3/28/2025 15:41,3/28/2025 15:42,,"malicious, phishing, malware",-1,TH,AS135377 UCLOUD INFORMATION TECHNOLOGY (HK) LIMITED,0
1.74E+18,2,169.206.166.47,49796,3/28/2025 15:41,3/28/2025 15:42,,"malicious, phishing, malware",-1,TH,AS135377 UCLOUD INFORMATION TECHNOLOGY (HK) LIMITED,0
1.74E+18,2,169.206.166.47,50160,3/28/2025 15:41,3/28/2025 15:42,,"malicious, phishing, malware",-1,TH,AS135377 UCLOUD INFORMATION TECHNOLOGY (HK) LIMITED,0
1.74E+18,2,169.206.166.47,50522,3/28/2025 15:42,3/28/2025 15:42,,"malicious, phishing, malware",-1,TH,AS135377 UCLOUD INFORMATION TECHNOLOGY (HK) LIMITED,0
1.74E+18,2,169.206.166.47,50882,3/28/2025 15:42,3/28/2025 15:42,,"malicious, phishing, malware",-1,TH,AS135377 UCLOUD INFORMATION TECHNOLOGY (HK) LIMITED,0
1.74E+18,2,169.206.166.47,51248,3/28/2025 15:42,3/28/2025 15:42,,"malicious, phishing, malware",-1,TH,AS135377 UCLOUD INFORMATION TECHNOLOGY (HK) LIMITED,0
1.74E+18,2,169.206.166.47,51586,3/28/2025 15:42,3/28/2025 15:42,,"malicious, phishing, malware",-1,TH,AS135377 UCLOUD INFORMATION TECHNOLOGY (HK) LIMITED,0
1.74E+18,2,169.206.166.47,51912,3/28/2025 15:42,3/28/2025 15:42,,"malicious, phishing, malware",-1,TH,AS135377 UCLOUD INFORMATION TECHNOLOGY (HK) LIMITED,0
1.74E+18,2,169.206.166.47,52224,3/28/2025 15:42,3/28/2025 15:42,,"malicious, phishing, malware",-1,TH,AS135377 UCLOUD INFORMATION TECHNOLOGY (HK) LIMITED,0
1.74E+18,2,169.206.166.47,52818,3/28/2025 15:42,3/28/2025 15:42,,"malicious, phishing, malware",-1,TH,AS135377 UCLOUD INFORMATION TECHNOLOGY (HK) LIMITED,0
1.74E+18,2,169.206.166.47,53088,3/28/2025 15:42,3/28/2025 15:42,,"malicious, phishing, malware",-1,TH,AS135377 UCLOUD INFORMATION TECHNOLOGY (HK) LIMITED,0
1.74E+18,2,169.206.166.47,53388,3/28/2025 15:42,3/28/2025 15:42,,"malicious, phishing, malware",-1,TH,AS135377 UCLOUD INFORMATION TECHNOLOGY (HK) LIMITED,0
1.74E+18,2,169.206.166.47,53694,3/28/2025 15:42,3/28/2025 15:42,,"malicious, phishing, malware",-1,TH,AS135377 UCLOUD INFORMATION TECHNOLOGY (HK) LIMITED,0
1.74E+18,2,169.206.166.47,53950,3/28/2025 15:42,3/28/2025 15:42,,"malicious, phishing, malware",-1,TH,AS135377 UCLOUD INFORMATION TECHNOLOGY (HK) LIMITED,0
1.74E+18,2,169.206.166.47,54236,3/28/2025 15:42,3/28/2025 15:42,,"malicious, phishing, malware",-1,TH,AS135377 UCLOUD INFORMATION TECHNOLOGY (HK) LIMITED,0
1.74E+18,2,169.206.166.47,54494,3/28/2025 15:42,3/28/2025 15:42,,"malicious, phishing, malware",-1,TH,AS135377 UCLOUD INFORMATION TECHNOLOGY (HK) LIMITED,0
1.74E+18,2,169.206.166.47,54726,3/28/2025 15:42,3/28/2025 15:42,,"malicious, phishing, malware",-1,TH,AS135377 UCLOUD INFORMATION TECHNOLOGY (HK) LIMITED,0
1.74E+18,2,169.206.166.47,55002,3/28/2025 15:42,3/28/2025 15:43,,"malicious, phishing, malware",-1,TH,AS135377 UCLOUD INFORMATION TECHNOLOGY (HK) LIMITED,0
1.74E+18,2,169.206.166.47,55500,3/28/2025 15:42,3/28/2025 15:43,,"malicious, phishing, malware",-1,TH,AS135377 UCLOUD INFORMATION TECHNOLOGY (HK) LIMITED,0
1.74E+18,2,169.206.166.47,55772,3/28/2025 15:42,3/28/2025 15:43,,"malicious, phishing, malware",-1,TH,AS135377 UCLOUD INFORMATION TECHNOLOGY (HK) LIMITED,0
1.74E+18,2,169.206.166.47,56092,3/28/2025 15:43,3/28/2025 15:43,,"malicious, phishing, malware",-1,TH,AS135377 UCLOUD INFORMATION TECHNOLOGY (HK) LIMITED,0
1.74E+18,2,169.206.166.47,56350,3/28/2025 15:43,3/28/2025 15:43,,"malicious, phishing, malware",-1,TH,AS135377 UCLOUD INFORMATION TECHNOLOGY (HK) LIMITED,0
1.74E+18,2,169.206.166.47,56680,3/28/2025 15:43,3/28/2025 15:43,,"malicious, phishing, malware",-1,TH,AS135377 UCLOUD INFORMATION TECHNOLOGY (HK) LIMITED,0
1.74E+18,2,169.206.166.47,56930,3/28/2025 15:43,3/28/2025 15:43,,"malicious, phishing, malware",-1,TH,AS135377 UCLOUD INFORMATION TECHNOLOGY (HK) LIMITED,0
1.74E+18,2,169.206.166.47,57186,3/28/2025 15:43,3/28/2025 15:43,,"malicious, phishing, malware",-1,TH,AS135377 UCLOUD INFORMATION TECHNOLOGY (HK) LIMITED,0
1.74E+18,2,169.206.166.47,57472,3/28/2025 15:43,3/28/2025 15:43,,"malicious, phishing, malware",-1,TH,AS135377 UCLOUD INFORMATION TECHNOLOGY (HK) LIMITED,0
1.74E+18,2,169.206.166.47,57708,3/28/2025 15:43,3/28/2025 15:43,,"malicious, phishing, malware",-1,TH,AS135377 UCLOUD INFORMATION TECHNOLOGY (HK) LIMITED,0
1.74E+18,2,169.206.166.47,58002,3/28/2025 15:43,3/28/2025 15:43,,"malicious, phishing, malware",-1,TH,AS135377 UCLOUD INFORMATION TECHNOLOGY (HK) LIMITED,0
1.74E+18,2,169.206.166.47,58288,3/28/2025 15:43,3/28/2025 15:43,,"malicious, phishing, malware",-1,TH,AS135377 UCLOUD INFORMATION TECHNOLOGY (HK) LIMITED,0
1.74E+18,2,169.206.166.47,58514,3/28/2025 15:43,3/28/2025 15:43,,"malicious, phishing, malware",-1,TH,AS135377 UCLOUD INFORMATION TECHNOLOGY (HK) LIMITED,0
1.74E+18,2,169.206.166.47,58788,3/28/2025 15:43,3/28/2025 15:43,,"malicious, phishing, malware",-1,TH,AS135377 UCLOUD INFORMATION TECHNOLOGY (HK) LIMITED,0
1.74E+18,2,169.206.166.47,59022,3/28/2025 15:43,3/28/2025 15:43,,"malicious, phishing, malware",-1,TH,AS135377 UCLOUD INFORMATION TECHNOLOGY (HK) LIMITED,0
1.74E+18,2,169.206.166.47,59350,3/28/2025 15:43,3/28/2025 15:43,,"malicious, phishing, malware",-1,TH,AS135377 UCLOUD INFORMATION TECHNOLOGY (HK) LIMITED,0
1.74E+18,2,169.206.166.47,59578,3/28/2025 15:43,3/28/2025 15:43,,"malicious, phishing, malware",-1,TH,AS135377 UCLOUD INFORMATION TECHNOLOGY (HK) LIMITED,0
1.74E+18,2,169.206.166.47,59922,3/28/2025 15:43,3/28/2025 15:43,,"malicious, phishing, malware",-1,TH,AS135377 UCLOUD INFORMATION TECHNOLOGY (HK) LIMITED,0
1.74E+18,2,169.206.166.47,60198,3/28/2025 15:43,3/28/2025 15:44,,"malicious, phishing, malware",-1,TH,AS135377 UCLOUD INFORMATION TECHNOLOGY (HK) LIMITED,0
1.74E+18,2,169.206.166.47,60438,3/28/2025 15:43,3/28/2025 15:44,,"malicious, phishing, malware",-1,TH,AS135377 UCLOUD INFORMATION TECHNOLOGY (HK) LIMITED,0
1.74E+18,2,169.206.166.47,60700,3/28/2025 15:43,3/28/2025 15:44,,"malicious, phishing, malware",-1,TH,AS135377 UCLOUD INFORMATION TECHNOLOGY (HK) LIMITED,0
1.74E+18,2,169.206.166.47,60944,3/28/2025 15:44,3/28/2025 15:44,,"malicious, phishing, malware",-1,TH,AS135377 UCLOUD INFORMATION TECHNOLOGY (HK) LIMITED,0
1.74E+18,2,169.206.166.47,33060,3/28/2025 15:44,3/28/2025 15:44,,"malicious, phishing, malware",-1,TH,AS135377 UCLOUD INFORMATION TECHNOLOGY (HK) LIMITED,0
1.74E+18,2,169.206.166.47,33320,3/28/2025 15:44,3/28/2025 15:44,,"malicious, phishing, malware",-1,TH,AS135377 UCLOUD INFORMATION TECHNOLOGY (HK) LIMITED,0
1.74E+18,2,169.206.166.47,33578,3/28/2025 15:44,3/28/2025 15:44,,"malicious, phishing, malware",-1,TH,AS135377 UCLOUD INFORMATION TECHNOLOGY (HK) LIMITED,0
1.74E+18,2,169.206.166.47,34066,3/28/2025 15:44,3/28/2025 15:44,,"malicious, phishing, malware",-1,TH,AS135377 UCLOUD INFORMATION TECHNOLOGY (HK) LIMITED,0
1.74E+18,2,169.206.166.47,34332,3/28/2025 15:44,3/28/2025 15:44,,"malicious, phishing, malware",-1,TH,AS135377 UCLOUD INFORMATION TECHNOLOGY (HK) LIMITED,0
1.74E+18,2,169.206.166.47,34684,3/28/2025 15:44,3/28/2025 15:44,,"malicious, phishing, malware",-1,TH,AS135377 UCLOUD INFORMATION TECHNOLOGY (HK) LIMITED,0
1.74E+18,2,169.206.166.47,34992,3/28/2025 15:44,3/28/2025 15:44,,"malicious, phishing, malware",-1,TH,AS135377 UCLOUD INFORMATION TECHNOLOGY (HK) LIMITED,0
1.74E+18,2,169.206.166.47,35380,3/28/2025 15:44,3/28/2025 15:44,,"malicious, phishing, malware",-1,TH,AS135377 UCLOUD INFORMATION TECHNOLOGY (HK) LIMITED,0
1.74E+18,2,169.206.166.47,35714,3/28/2025 15:44,3/28/2025 15:44,,"malicious, phishing, malware",-1,TH,AS135377 UCLOUD INFORMATION TECHNOLOGY (HK) LIMITED,0
1.74E+18,2,169.206.166.47,36038,3/28/2025 15:44,3/28/2025 15:44,,"malicious, phishing, malware",-1,TH,AS135377 UCLOUD INFORMATION TECHNOLOGY (HK) LIMITED,0
1.74E+18,2,169.206.166.47,36308,3/28/2025 15:44,3/28/2025 15:44,,"malicious, phishing, malware",-1,TH,AS135377 UCLOUD INFORMATION TECHNOLOGY (HK) LIMITED,0
1.74E+18,2,169.206.166.47,36604,3/28/2025 15:44,3/28/2025 15:44,,"malicious, phishing, malware",-1,TH,AS135377 UCLOUD INFORMATION TECHNOLOGY (HK) LIMITED,0
1.74E+18,2,169.206.166.47,36874,3/28/2025 15:44,3/28/2025 15:44,,"malicious, phishing, malware",-1,TH,AS135377 UCLOUD INFORMATION TECHNOLOGY (HK) LIMITED,0
1.74E+18,2,169.206.166.47,37096,3/28/2025 15:44,3/28/2025 15:44,,"malicious, phishing, malware",-1,TH,AS135377 UCLOUD INFORMATION TECHNOLOGY (HK) LIMITED,0
1.74E+18,2,169.206.166.47,37452,3/28/2025 15:44,3/28/2025 15:44,,"malicious, phishing, malware",-1,TH,AS135377 UCLOUD INFORMATION TECHNOLOGY (HK) LIMITED,0
1.74E+18,2,169.206.166.47,37662,3/28/2025 15:44,3/28/2025 15:45,,"malicious, phishing, malware",-1,TH,AS135377 UCLOUD INFORMATION TECHNOLOGY (HK) LIMITED,0
1.74E+18,2,169.206.166.47,37990,3/28/2025 15:44,3/28/2025 15:45,,"malicious, phishing, malware",-1,TH,AS135377 UCLOUD INFORMATION TECHNOLOGY (HK) LIMITED,0
1.74E+18,2,169.206.166.47,38784,3/28/2025 15:45,3/28/2025 15:45,,"malicious, phishing, malware",-1,TH,AS135377 UCLOUD INFORMATION TECHNOLOGY (HK) LIMITED,0
1.74E+18,2,169.206.166.47,39206,3/28/2025 15:45,3/28/2025 15:45,,"malicious, phishing, malware",-1,TH,AS135377 UCLOUD INFORMATION TECHNOLOGY (HK) LIMITED,0
1.74E+18,2,169.206.166.47,39514,3/28/2025 15:45,3/28/2025 15:45,,"malicious, phishing, malware",-1,TH,AS135377 UCLOUD INFORMATION TECHNOLOGY (HK) LIMITED,0
1.74E+18,2,169.206.166.47,40278,3/28/2025 15:45,3/28/2025 15:45,,"malicious, phishing, malware",-1,TH,AS135377 UCLOUD INFORMATION TECHNOLOGY (HK) LIMITED,0
1.74E+18,2,169.206.166.47,40536,3/28/2025 15:45,3/28/2025 15:45,,"malicious, phishing, malware",-1,TH,AS135377 UCLOUD INFORMATION TECHNOLOGY (HK) LIMITED,0
1.74E+18,2,169.206.166.47,40760,3/28/2025 15:45,3/28/2025 15:45,,"malicious, phishing, malware",-1,TH,AS135377 UCLOUD INFORMATION TECHNOLOGY (HK) LIMITED,0
1.74E+18,2,169.206.166.47,40964,3/28/2025 15:45,3/28/2025 15:45,,"malicious, phishing, malware",-1,TH,AS135377 UCLOUD INFORMATION TECHNOLOGY (HK) LIMITED,0
1.74E+18,2,169.206.166.47,41642,3/28/2025 15:45,3/28/2025 15:45,,"malicious, phishing, malware",-1,TH,AS135377 UCLOUD INFORMATION TECHNOLOGY (HK) LIMITED,0
1.74E+18,2,169.206.166.47,42496,3/28/2025 15:45,3/28/2025 15:45,,"malicious, phishing, malware",-1,TH,AS135377 UCLOUD INFORMATION TECHNOLOGY (HK) LIMITED,0
1.74E+18,2,169.206.166.47,43560,3/28/2025 15:45,3/28/2025 15:46,,"malicious, phishing, malware",-1,TH,AS135377 UCLOUD INFORMATION TECHNOLOGY (HK) LIMITED,0
1.74E+18,2,182.122.66.212,35218,3/28/2025 18:36,3/28/2025 18:36,,"malicious, malware",-2,CN,AS58466 CHINANET Guangdong province network,0
1.74E+18,2,91.216.17.102,46198,3/28/2025 21:32,3/28/2025 21:32,,,0,VN,AS45899 VNPT Corp,0
1.74E+18,2,91.216.17.102,39072,3/28/2025 21:32,3/28/2025 21:32,,,0,VN,AS45899 VNPT Corp,0
1.74E+18,2,91.216.17.102,60768,3/28/2025 21:32,3/28/2025 21:32,,,0,VN,AS45899 VNPT Corp,0
1.74E+18,2,91.216.17.102,38658,3/28/2025 21:32,3/28/2025 21:32,,,0,VN,AS45899 VNPT Corp,0
1.74E+18,2,182.122.98.168,52524,3/29/2025 1:14,3/29/2025 1:15,,"malware, malicious",0,CN,AS58466 CHINANET Guangdong province network,0
1.74E+18,2,220.54.102.136,62712,3/28/2025 2:10,3/28/2025 2:11,,"malicious, malware, phishing",0,GB,AS396982 Google LLC,0
1.74E+18,2,220.54.102.136,62714,3/28/2025 2:10,3/28/2025 2:11,,"malicious, malware, phishing",0,GB,AS396982 Google LLC,0
1.74E+18,2,0.71.179.192,52029,3/26/2025 9:30,3/26/2025 9:30,,"malicious, malware",0,US,AS213412 ONYPHE SAS,0
1.74E+18,3,0.71.179.37,55875,3/26/2025 9:30,3/26/2025 9:30,,"malicious, malware",0,US,AS213412 ONYPHE SAS,0
1.74E+18,3,95.30.117.184,53150,3/26/2025 11:02,3/26/2025 11:03,,"malicious, phishing, malware",-1,US,"AS398324 Censys, Inc.",0
1.74E+18,3,12.47.16.90,63126,3/26/2025 13:40,3/26/2025 13:40,,"malicious, malware, phishing",-3,BR,AS396982 Google LLC,0
1.74E+18,2,5.59.95.157,33466,3/25/2025 6:43,3/25/2025 6:43,,"malicious, phishing, malware",-3,NL,AS401120 cheapy.host LLC,0
1.74E+18,2,5.59.95.157,46050,3/25/2025 6:43,3/25/2025 6:43,,"malicious, phishing, malware",-3,NL,AS401120 cheapy.host LLC,0
1.74E+18,2,220.54.102.173,61740,3/25/2025 10:55,3/25/2025 10:55,,"malicious, malware, phishing",0,GB,AS396982 Google LLC,0
1.74E+18,2,220.54.102.173,61748,3/25/2025 10:55,3/25/2025 10:55,,"malicious, malware, phishing",0,GB,AS396982 Google LLC,0
1.74E+18,3,6.251.21.80,59866,3/25/2025 15:55,3/25/2025 15:55,,"malicious, malware, phishing",-3,BE,AS396982 Google LLC,0
1.74E+18,2,121.55.196.14,38299,3/25/2025 16:18,3/25/2025 16:18,,malware,-2,FR,AS16276 OVH SAS,0
1.74E+18,3,121.55.196.4,37765,3/25/2025 16:18,3/25/2025 16:18,,malware,-2,FR,AS16276 OVH SAS,0
1.74E+18,2,89.36.27.255,63406,3/25/2025 18:20,3/25/2025 18:20,,"malicious, malware",-2,US,AS396982 Google LLC,0
1.74E+18,2,89.36.27.255,63412,3/25/2025 18:20,3/25/2025 18:20,,"malicious, malware",-2,US,AS396982 Google LLC,0
1.74E+18,2,220.54.102.102,60176,3/24/2025 21:13,3/24/2025 21:13,,malicious,0,GB,AS396982 Google LLC,0
1.74E+18,2,220.54.102.102,60186,3/24/2025 21:13,3/24/2025 21:13,,malicious,0,GB,AS396982 Google LLC,0
1.74E+18,2,91.216.17.102,47562,3/25/2025 1:36,3/25/2025 1:36,,,0,VN,AS45899 VNPT Corp,0
1.74E+18,2,91.216.17.102,36450,3/25/2025 1:36,3/25/2025 1:36,,,0,VN,AS45899 VNPT Corp,0
1.74E+18,2,91.216.17.102,58480,3/25/2025 1:36,3/25/2025 1:36,,,0,VN,AS45899 VNPT Corp,0
1.74E+18,2,91.216.17.102,36760,3/25/2025 1:36,3/25/2025 1:36,,,0,VN,AS45899 VNPT Corp,0
1.74E+18,3,108.90.123.192,63608,3/25/2025 2:37,3/25/2025 2:37,,"malicious, phishing, malware",-4,US,AS396982 Google LLC,0
