Anon Src IP,dest_port,Dst IP,level,method,path,Src IP,status_code,target,timestamp,user_agent,user_agent_browser,user_agent_device_info,user_agent_engine_version,user_agent_platform,VT Labels,VT Reputation,Geo Location,ISP,Malicious_Flag
132.202.251.153,3000,3.15.22.167,WARN,GET,/,65.49.1.134,201,honeyaml::access-log,2025-04-12T13:45:02.901740Z,Mozilla/5.0 (X11; Linux x86_64; rv:109.0) Gecko/20100101 Firefox/115.0,Mozilla/5.0,Linux x86_64,rv:109.0,X11,"malicious, malware",-1,US,AS6939 Hurricane Electric LLC,0
132.202.251.152,3000,3.15.22.167,WARN,GET,/favicon.ico,65.49.1.135,201,honeyaml::access-log,2025-04-12T13:45:52.295610Z,"Mozilla/5.0 (X11; Linux x86_64) AppleWebKit/537.36 (KHTML, like Gecko) HeadlessChrome/101.0.4951.41 Safari/537.36",Mozilla/5.0,Linux x86_64,AppleWebKit/537.36,X11,"malicious, malware",-1,US,AS6939 Hurricane Electric LLC,0
152.60.107.165,3000,3.15.22.167,WARN,GET,/,91.196.152.36,201,honeyaml::access-log,2025-04-11T05:11:33.450828Z,Mozilla/5.0 (X11; Ubuntu; Linux x86_64; rv:134.0) Gecko/20100101 Firefox/134.0,Mozilla/5.0,Ubuntu,Linux x86_64,X11,"malicious, malware",0,FR,AS213412 ONYPHE SAS,0
152.60.107.211,3000,3.15.22.167,WARN,GET,/favicon.ico,91.196.152.91,201,honeyaml::access-log,2025-04-11T05:19:09.896166Z,Mozilla/5.0 (X11; Ubuntu; Linux x86_64; rv:134.0) Gecko/20100101 Firefox/134.0,Mozilla/5.0,Ubuntu,Linux x86_64,X11,"malicious, malware",0,FR,AS213412 ONYPHE SAS,0
133.111.130.151,3000,3.15.22.167,WARN,GET,/,64.23.133.24,201,honeyaml::access-log,2025-04-11T08:48:30.968632Z,"Mozilla/5.0 (Windows NT 10.0; Win64; x64) AppleWebKit/537.36 (KHTML, like Gecko) Chrome/108.0.0.0 Safari/537.36",Mozilla/5.0,Win64,x64,Windows NT 10.0,,0,US,"AS14061 DigitalOcean, LLC",0
6.251.21.112,80,,WARN,GET,/,198.235.24.143,201,honeyaml::access-log,2025-04-11T20:55:36.021118Z,"Expanse, a Palo Alto Networks company, searches across the global IPv4 space multiple times per day to identify customers&#39; presences on the Internet. If you would like to be excluded from our scans, please send IP addresses/domains to: scaninfo@paloaltonetworks.com","Expanse, a Palo Alto Networks company, searches across the global IPv4 space multiple times per day to identify customers&#39",,,"presences on the Internet. If you would like to be excluded from our scans, please send IP addresses/domains to: scaninfo@paloaltonetworks.com","malicious, malware, phishing",-5,BE,AS396982 Google LLC,0
234.78.254.170,3000,3.15.22.167,WARN,GET,/,20.163.1.40,201,honeyaml::access-log,2025-04-11T22:40:47.983557Z,Mozilla/5.0 zgrab/0.x,Mozilla/5.0 zgrab/0.x,,,,"malicious, malware",0,US,AS8075 Microsoft Corporation,0
210.227.77.95,3000,3.15.22.167,WARN,GET,/,44.220.188.161,201,honeyaml::access-log,2025-04-02T08:05:37.930512Z,"Mozilla/5.0 (Windows NT 6.2;en-US) AppleWebKit/537.32.36 (KHTML, live Gecko) Chrome/53.0.3100.108 Safari/537.32",Mozilla/5.0,en-US,AppleWebKit/537.32.36,Windows NT 6.2,"malicious, malware",0,US,"AS14618 Amazon.com, Inc.",0
152.60.107.106,3000,3.15.22.167,WARN,GET,/,91.196.152.148,201,honeyaml::access-log,2025-04-02T15:52:32.830297Z,Mozilla/5.0 (X11; Ubuntu; Linux x86_64; rv:130.0) Gecko/20100101 Firefox/130.0,Mozilla/5.0,Ubuntu,Linux x86_64,X11,"malicious, malware",0,FR,AS213412 ONYPHE SAS,0
152.60.107.94,3000,3.15.22.167,WARN,GET,/,91.196.152.162,201,honeyaml::access-log,2025-04-02T15:54:10.943921Z,Mozilla/5.0 (X11; Ubuntu; Linux x86_64; rv:130.0) Gecko/20100101 Firefox/130.0,Mozilla/5.0,Ubuntu,Linux x86_64,X11,"malicious, malware",0,FR,AS213412 ONYPHE SAS,0
152.60.107.195,3000,3.15.22.167,WARN,GET,/favicon.ico,91.196.152.67,201,honeyaml::access-log,2025-04-02T15:59:42.026646Z,Mozilla/5.0 (X11; Ubuntu; Linux x86_64; rv:130.0) Gecko/20100101 Firefox/130.0,Mozilla/5.0,Ubuntu,Linux x86_64,X11,"malicious, malware",-1,FR,AS213412 ONYPHE SAS,0
108.90.123.26,3000,3.15.22.167,WARN,GET,/,147.185.132.228,201,honeyaml::access-log,2025-04-02T18:23:46.428471Z,"Expanse, a Palo Alto Networks company, searches across the global IPv4 space multiple times per day to identify customers&#39; presences on the Internet. If you would like to be excluded from our scans, please send IP addresses/domains to: scaninfo@paloaltonetworks.com","Expanse, a Palo Alto Networks company, searches across the global IPv4 space multiple times per day to identify customers&#39",,,"presences on the Internet. If you would like to be excluded from our scans, please send IP addresses/domains to: scaninfo@paloaltonetworks.com","phishing, malicious, malware",-4,US,AS396982 Google LLC,0
234.134.63.84,3000,3.15.22.167,WARN,GET,/,20.65.195.44,201,honeyaml::access-log,2025-04-02T20:37:06.899693Z,Mozilla/5.0 zgrab/0.x,Mozilla/5.0 zgrab/0.x,,,,"malicious, malware",-2,US,AS8075 Microsoft Corporation,0
93.225.39.114,3000,3.15.22.167,WARN,GET,/,165.227.32.122,201,honeyaml::access-log,2025-04-03T00:45:17.186852Z,"Mozilla/5.0 (Windows NT 10.0; Win64; x64) AppleWebKit/537.36 (KHTML, like Gecko) Chrome/108.0.0.0 Safari/537.36",Mozilla/5.0,Win64,x64,Windows NT 10.0,malware,0,CA,"AS14061 DigitalOcean, LLC",0
240.120.207.126,3000,3.15.22.167,WARN,GET,/,3.138.191.114,201,honeyaml::access-log,2025-04-03T01:06:49.260316Z,Mozilla/5.0 (Macintosh; Intel Mac OS X 10_15_7) Chrome/126.0.0.0 Safari/537.36,Mozilla/5.0,Intel Mac OS X 10_15_7,Chrome/126.0.0.0 Safari/537.36,Macintosh,,0,US,"AS16509 Amazon.com, Inc.",0
102.68.134.19,3000,3.15.22.167,WARN,GET,/,152.32.134.89,201,honeyaml::access-log,2025-04-01T06:54:19.792845Z,"Mozilla/5.0 (Macintosh; Intel Mac OS X 9_1_1) AppleWebKit/600.38 (KHTML, like Gecko) Chrome/92.0.1124 Safari/537.36",Mozilla/5.0,Intel Mac OS X 9_1_1,AppleWebKit/600.38,Macintosh,"malicious, phishing, malware",0,HK,AS135377 UCLOUD INFORMATION TECHNOLOGY (HK) LIMITED,0
102.68.134.19,3000,3.15.22.167,WARN,GET,/favicon.ico,152.32.134.89,201,honeyaml::access-log,2025-04-01T06:54:20.267495Z,Go-http-client/1.1,Go-http-client/1.1,,,,"malicious, phishing, malware",0,HK,AS135377 UCLOUD INFORMATION TECHNOLOGY (HK) LIMITED,0
102.68.134.19,3000,3.15.22.167,WARN,GET,/sitemap.xml,152.32.134.89,201,honeyaml::access-log,2025-04-01T06:54:20.719429Z,Go-http-client/1.1,Go-http-client/1.1,,,,"malicious, phishing, malware",0,HK,AS135377 UCLOUD INFORMATION TECHNOLOGY (HK) LIMITED,0
102.68.134.19,3000,3.15.22.167,WARN,GET,/robots.txt,152.32.134.89,201,honeyaml::access-log,2025-04-01T06:54:20.725210Z,Go-http-client/1.1,Go-http-client/1.1,,,,"malicious, phishing, malware",0,HK,AS135377 UCLOUD INFORMATION TECHNOLOGY (HK) LIMITED,0
91.216.17.102,3000,3.15.22.167,WARN,GET,/,161.248.30.30,201,honeyaml::access-log,2025-04-01T15:46:58.634918Z,Mozilla/5.0 (Windows NT 10.0; Win64; x64),Mozilla/5.0,Win64,x64,Windows NT 10.0,,0,VN,AS45899 VNPT Corp,0
234.34.135.88,3000,3.15.22.167,WARN,GET,/,20.221.67.103,201,honeyaml::access-log,2025-04-01T19:52:37.316027Z,Mozilla/5.0 zgrab/0.x,Mozilla/5.0 zgrab/0.x,,,,"malware, malicious",0,US,AS8075 Microsoft Corporation,0
83.230.123.106,3000,3.15.22.167,WARN,GET,/,172.105.128.12,201,honeyaml::access-log,2025-04-02T00:06:18.143525Z,"Mozilla/5.0 (Macintosh; Intel Mac OS X 13_1) AppleWebKit/537.36 (KHTML, like Gecko) Chrome/108.0.0.0 Safari/537.36",Mozilla/5.0,Intel Mac OS X 13_1,AppleWebKit/537.36,Macintosh,"malicious, phishing, malware",-6,US,AS63949 Akamai Connected Cloud,0
68.185.136.224,3000,3.15.22.167,WARN,GET,/,184.105.139.67,201,honeyaml::access-log,2025-04-02T01:32:02.827857Z,"Mozilla/5.0 (X11; Linux x86_64) AppleWebKit/537.36 (KHTML, like Gecko) Chrome/108.0.0.0 Safari/537.36",Mozilla/5.0,Linux x86_64,AppleWebKit/537.36,X11,"malicious, phishing, malware",5,US,AS6939 Hurricane Electric LLC,0
68.185.136.224,3000,3.15.22.167,WARN,GET,/favicon.ico,184.105.139.67,201,honeyaml::access-log,2025-04-02T01:32:19.692207Z,Mozilla/5.0 (Windows NT 10.0; rv:109.0) Gecko/20100101 Firefox/109.0,Mozilla/5.0,rv:109.0,Gecko/20100101 Firefox/109.0,Windows NT 10.0,"malicious, phishing, malware",5,US,AS6939 Hurricane Electric LLC,0
132.202.251.171,3000,3.15.22.167,WARN,GET,/,65.49.1.169,201,honeyaml::access-log,2025-03-31T10:20:59.284456Z,"Mozilla/5.0 (X11; Linux x86_64) AppleWebKit/537.36 (KHTML, like Gecko) Chrome/110.0.0.0 Safari/537.36",Mozilla/5.0,Linux x86_64,AppleWebKit/537.36,X11,"malicious, malware",0,US,AS6939 Hurricane Electric LLC,0
132.202.251.171,3000,3.15.22.167,WARN,GET,/favicon.ico,65.49.1.169,201,honeyaml::access-log,2025-03-31T10:21:37.400587Z,"Mozilla/5.0 (Macintosh; Intel Mac OS X 10_15_7) AppleWebKit/605.1.15 (KHTML, like Gecko) Version/17.4.1 Safari/605.1.15",Mozilla/5.0,Intel Mac OS X 10_15_7,AppleWebKit/605.1.15,Macintosh,"malicious, malware",0,US,AS6939 Hurricane Electric LLC,0
2.77.211.116,3000,3.15.22.167,WARN,GET,/,193.181.177.11,201,honeyaml::access-log,2025-03-31T14:34:49.620010Z,Mozilla/5.0 zgrab/0.x,Mozilla/5.0 zgrab/0.x,,,,"malicious, malware",0,NL,AS208583 Baffin Bay Networks AB,0
128.255.73.111,3000,3.15.22.167,WARN,GET,/,71.6.232.24,201,honeyaml::access-log,2025-03-31T22:36:28.018055Z,"Mozilla/5.0 (Windows NT 10.0; Win64; x64) AppleWebKit/537.36 (KHTML, like Gecko) Chrome/134.0.0.0 Safari/537.36",Mozilla/5.0,Win64,x64,Windows NT 10.0,"malicious, malware, phishing",-3,US,"AS10439 CariNet, Inc.",0
81.139.41.110,80,3.15.22.167,WARN,GET,/,174.138.48.106,201,honeyaml::access-log,2025-04-01T00:44:37.056942Z,Mozilla/5.0 (compatible),Mozilla/5.0,,,compatible,malware,0,US,"AS14061 DigitalOcean, LLC",0
81.139.41.110,80,3.15.22.167,WARN,GET,/favicon.ico,174.138.48.106,201,honeyaml::access-log,2025-04-01T00:44:39.132554Z,Mozilla/5.0 (compatible),Mozilla/5.0,,,compatible,malware,0,US,"AS14061 DigitalOcean, LLC",0
211.156.123.105,3000,3.15.22.167,WARN,GET,/,45.156.129.78,201,honeyaml::access-log,2025-04-01T02:17:19.524932Z,"Mozilla/5.0 (Windows NT 10.0; WOW64) AppleWebKit/537.36 (KHTML, like Gecko) Chrome/66.0.3359.117 Safari/537.36",Mozilla/5.0,WOW64,AppleWebKit/537.36,Windows NT 10.0,"malicious, malware, phishing",-1,US,"AS211680 NSEC - Sistemas Informaticos, S.A.",0
12.47.16.219,80,,WARN,GET,/,205.210.31.85,201,honeyaml::access-log,2025-04-01T03:22:50.285860Z,"Expanse, a Palo Alto Networks company, searches across the global IPv4 space multiple times per day to identify customers&#39; presences on the Internet. If you would like to be excluded from our scans, please send IP addresses/domains to: scaninfo@paloaltonetworks.com","Expanse, a Palo Alto Networks company, searches across the global IPv4 space multiple times per day to identify customers&#39",,,"presences on the Internet. If you would like to be excluded from our scans, please send IP addresses/domains to: scaninfo@paloaltonetworks.com","malicious, phishing, malware",-3,US,AS396982 Google LLC,0
6.251.21.163,3000,3.15.22.167,WARN,GET,/,198.235.24.32,201,honeyaml::access-log,2025-03-30T09:57:47.265225Z,"Expanse, a Palo Alto Networks company, searches across the global IPv4 space multiple times per day to identify customers&#39; presences on the Internet. If you would like to be excluded from our scans, please send IP addresses/domains to: scaninfo@paloaltonetworks.com","Expanse, a Palo Alto Networks company, searches across the global IPv4 space multiple times per day to identify customers&#39",,,"presences on the Internet. If you would like to be excluded from our scans, please send IP addresses/domains to: scaninfo@paloaltonetworks.com","malicious, malware, phishing",-2,TW,AS396982 Google LLC,0
126.98.35.123,80,3.15.22.167,WARN,GET,/,142.93.252.21,201,honeyaml::access-log,2025-03-30T14:00:14.503526Z,Mozilla/5.0 (compatible),Mozilla/5.0,,,compatible,,0,US,"AS14061 DigitalOcean, LLC",0
126.98.35.123,80,3.15.22.167,WARN,GET,/favicon.ico,142.93.252.21,201,honeyaml::access-log,2025-03-30T14:00:15.628188Z,Mozilla/5.0 (compatible),Mozilla/5.0,,,compatible,,0,US,"AS14061 DigitalOcean, LLC",0
6.251.21.161,80,,WARN,GET,/,198.235.24.34,201,honeyaml::access-log,2025-03-30T22:07:47.499144Z,"Expanse, a Palo Alto Networks company, searches across the global IPv4 space multiple times per day to identify customers&#39; presences on the Internet. If you would like to be excluded from our scans, please send IP addresses/domains to: scaninfo@paloaltonetworks.com","Expanse, a Palo Alto Networks company, searches across the global IPv4 space multiple times per day to identify customers&#39",,,"presences on the Internet. If you would like to be excluded from our scans, please send IP addresses/domains to: scaninfo@paloaltonetworks.com","malicious, malware, phishing",-55,TW,AS396982 Google LLC,1
180.202.163.242,3000,3.15.22.167,WARN,GET,/,104.234.115.210,201,honeyaml::access-log,2025-03-31T00:21:51.499686Z,'Mozilla/5.0 (compatible; GenomeCrawlerd/1.0; +https://www.nokia.com/genomecrawler)','Mozilla/5.0,GenomeCrawlerd/1.0,+https://www.nokia.com/genomecrawler,compatible,"malicious, malware",-1,US,AS396982 Google LLC,0
180.202.163.242,3000,3.15.22.167,WARN,GET,/favicon.ico,104.234.115.210,201,honeyaml::access-log,2025-03-31T00:23:57.794445Z,'Mozilla/5.0 (compatible; GenomeCrawlerd/1.0; +https://www.nokia.com/genomecrawler)','Mozilla/5.0,GenomeCrawlerd/1.0,+https://www.nokia.com/genomecrawler,compatible,"malicious, malware",-1,US,AS396982 Google LLC,0
108.87.176.122,3000,3.15.22.167,WARN,GET,/,147.182.247.154,201,honeyaml::access-log,2025-03-31T02:00:38.244474Z,"Mozilla/5.0 (Windows NT 10.0; Win64; x64) AppleWebKit/537.36 (KHTML, like Gecko) Chrome/108.0.0.0 Safari/537.36",Mozilla/5.0,Win64,x64,Windows NT 10.0,malicious,0,US,"AS14061 DigitalOcean, LLC",0
6.251.21.237,80,,WARN,GET,/,198.235.24.108,201,honeyaml::access-log,2025-03-29T04:57:31.945132Z,"Expanse, a Palo Alto Networks company, searches across the global IPv4 space multiple times per day to identify customers&#39; presences on the Internet. If you would like to be excluded from our scans, please send IP addresses/domains to: scaninfo@paloaltonetworks.com","Expanse, a Palo Alto Networks company, searches across the global IPv4 space multiple times per day to identify customers&#39",,,"presences on the Internet. If you would like to be excluded from our scans, please send IP addresses/domains to: scaninfo@paloaltonetworks.com","malicious, phishing, malware",-2,TW,AS396982 Google LLC,0
234.134.36.99,3000,3.15.22.167,WARN,GET,/,20.65.219.131,201,honeyaml::access-log,2025-03-29T12:36:58.749368Z,Mozilla/5.0 zgrab/0.x,Mozilla/5.0 zgrab/0.x,,,,malicious,0,US,AS8075 Microsoft Corporation,0
91.72.73.14,3000,3.15.22.167,WARN,GET,/,161.35.170.202,201,honeyaml::access-log,2025-03-29T23:01:01.054872Z,"Mozilla/5.0 (Windows NT 10.0; Win64; x64) AppleWebKit/537.36 (KHTML, like Gecko) Chrome/108.0.0.0 Safari/537.36",Mozilla/5.0,Win64,x64,Windows NT 10.0,"malicious, malware",0,GB,"AS14061 DigitalOcean, LLC",0
195.111.11.128,3000,3.15.22.167,WARN,GET,/,60.16.201.147,201,honeyaml::access-log,2025-03-30T00:26:00.959784Z,,,,,,malware,0,CN,AS4837 CHINA UNICOM China169 Backbone,0
176.4.93.108,3000,3.15.22.167,WARN,GET,/,111.224.220.140,201,honeyaml::access-log,2025-03-30T00:26:08.505414Z,"Mozilla/5.0 (Windows NT 6.1) AppleWebKit/537.36 (KHTML, like Gecko) Chrome/49.0.2623.112 Safari/537.36",Mozilla/5.0,AppleWebKit/537.36,"KHTML, like Gecko",Windows NT 6.1,malicious,0,CN,AS4134 CHINANET-BACKBONE,0
195.125.1.26,3000,3.15.22.167,WARN,GET,/favicon.ico,60.13.6.229,201,honeyaml::access-log,2025-03-30T00:26:09.012535Z,"Mozilla/5.0 (Windows NT 6.1) AppleWebKit/537.36 (KHTML, like Gecko) Chrome/49.0.2623.112 Safari/537.36",Mozilla/5.0,AppleWebKit/537.36,"KHTML, like Gecko",Windows NT 6.1,malware,0,CN,AS4837 CHINA UNICOM China169 Backbone,0
95.6.238.62,3000,3.15.22.167,WARN,GET,/,167.71.22.242,201,honeyaml::access-log,2025-03-28T06:07:08.606539Z,"Mozilla/5.0 (Windows NT 10.0; Win64; x64) AppleWebKit/537.36 (KHTML, like Gecko) Chrome/83.0.4103.61 Safari/537.36",Mozilla/5.0,Win64,x64,Windows NT 10.0,"malicious, malware",0,US,"AS14061 DigitalOcean, LLC",0
127.198.52.53,80,3.15.22.167,WARN,GET,/,143.198.43.249,201,honeyaml::access-log,2025-03-28T06:40:03.854704Z,Mozilla/5.0 (compatible),Mozilla/5.0,,,compatible,"malicious, malware",0,CA,"AS14061 DigitalOcean, LLC",0
127.198.52.53,80,3.15.22.167,WARN,GET,/favicon.ico,143.198.43.249,201,honeyaml::access-log,2025-03-28T06:40:03.916068Z,Mozilla/5.0 (compatible),Mozilla/5.0,,,compatible,"malicious, malware",0,CA,"AS14061 DigitalOcean, LLC",0
137.104.47.122,3000,3.15.22.167,WARN,GET,/,74.82.47.5,201,honeyaml::access-log,2025-03-28T09:36:47.051492Z,"Mozilla/5.0 (Windows NT 10.0; Win64; x64) AppleWebKit/537.36 (KHTML, like Gecko) Chrome/110.0.0.0 Safari/537.36 Edg/110.0.1587.57",Mozilla/5.0,Win64,x64,Windows NT 10.0,"malicious, phishing, malware",-17,US,AS6939 Hurricane Electric LLC,0
137.104.47.122,3000,3.15.22.167,WARN,GET,/favicon.ico,74.82.47.5,201,honeyaml::access-log,2025-03-28T09:37:01.345320Z,Mozilla/5.0 (Windows NT 10.0; Win64; x64; rv:107.0) Gecko/20100101 Firefox/107.0,Mozilla/5.0,Win64,x64,Windows NT 10.0,"malicious, phishing, malware",-17,US,AS6939 Hurricane Electric LLC,0
234.78.241.33,3000,3.15.22.167,WARN,GET,/,20.163.14.222,201,honeyaml::access-log,2025-03-28T10:29:54.026260Z,Mozilla/5.0 zgrab/0.x,Mozilla/5.0 zgrab/0.x,,,,"malicious, malware",-1,US,AS8075 Microsoft Corporation,0
152.60.107.167,3000,3.15.22.167,WARN,GET,/,91.196.152.39,201,honeyaml::access-log,2025-03-28T11:40:22.004147Z,Mozilla/5.0 (X11; Ubuntu; Linux x86_64; rv:130.0) Gecko/20100101 Firefox/130.0,Mozilla/5.0,Ubuntu,Linux x86_64,X11,"malicious, malware",-1,FR,AS213412 ONYPHE SAS,0
152.60.107.227,3000,3.15.22.167,WARN,GET,/favicon.ico,91.196.152.97,201,honeyaml::access-log,2025-03-28T11:46:09.716392Z,Mozilla/5.0 (X11; Ubuntu; Linux x86_64; rv:130.0) Gecko/20100101 Firefox/130.0,Mozilla/5.0,Ubuntu,Linux x86_64,X11,"malicious, malware",0,FR,AS213412 ONYPHE SAS,0
183.171.207.64,3000,3.15.22.167,WARN,GET,/,107.170.47.63,201,honeyaml::access-log,2025-03-28T13:48:51.823804Z,"Mozilla/5.0 (Windows NT 10.0; Win64; x64) AppleWebKit/537.36 (KHTML, like Gecko) Chrome/108.0.0.0 Safari/537.36",Mozilla/5.0,Win64,x64,Windows NT 10.0,"malicious, malware",0,US,"AS14061 DigitalOcean, LLC",0
91.216.17.102,3000,3.15.22.167,WARN,GET,/,161.248.30.30,201,honeyaml::access-log,2025-03-28T21:32:14.195229Z,Mozilla/5.0 (Windows NT 10.0; Win64; x64),Mozilla/5.0,Win64,x64,Windows NT 10.0,,0,VN,AS45899 VNPT Corp,0
250.222.22.44,80,3.15.22.167,WARN,GET,/,8.222.145.208,201,honeyaml::access-log,2025-03-27T07:57:34.715436Z,,,,,,"malicious, malware",0,SG,"AS45102 Alibaba (US) Technology Co., Ltd.",0
250.222.22.44,3000,3.15.22.167,WARN,GET,/,8.222.145.208,201,honeyaml::access-log,2025-03-27T07:57:35.175809Z,"Mozilla/5.0 (Macintosh; Intel Mac OS X 10_14_6) AppleWebKit/537.36 (KHTML, like Gecko) Chrome/76.0.3809.132 Safari/537.36",Mozilla/5.0,Intel Mac OS X 10_14_6,AppleWebKit/537.36,Macintosh,"malicious, malware",0,SG,"AS45102 Alibaba (US) Technology Co., Ltd.",0
250.222.22.44,3000,3.15.22.167,WARN,GET,/favicon.ico,8.222.145.208,201,honeyaml::access-log,2025-03-27T07:57:35.638472Z,fasthttp,fasthttp,,,,"malicious, malware",0,SG,"AS45102 Alibaba (US) Technology Co., Ltd.",0
234.226.220.109,3000,3.15.22.167,WARN,GET,/,20.29.36.140,201,honeyaml::access-log,2025-03-27T10:01:52.632140Z,Mozilla/5.0 zgrab/0.x,Mozilla/5.0 zgrab/0.x,,,,"malware, malicious",0,US,AS8075 Microsoft Corporation,0
3.103.100.252,80,,WARN,GET,/,192.155.84.16,201,honeyaml::access-log,2025-03-27T12:10:05.616211Z,,,,,,"malicious, malware",-1,US,AS63949 Akamai Connected Cloud,0
3.103.100.252,80,,WARN,GET,/nice%20ports%2C/Tri%6Eity.txt%2ebak,192.155.84.16,201,honeyaml::access-log,2025-03-27T12:10:08.652688Z,,,,,,"malicious, malware",-1,US,AS63949 Akamai Connected Cloud,0
183.171.207.64,3000,3.15.22.167,WARN,GET,/,107.170.47.63,201,honeyaml::access-log,2025-03-28T00:59:34.985756Z,"Mozilla/5.0 (Windows NT 10.0; Win64; x64) AppleWebKit/537.36 (KHTML, like Gecko) Chrome/108.0.0.0 Safari/537.36",Mozilla/5.0,Win64,x64,Windows NT 10.0,"malicious, malware",0,US,"AS14061 DigitalOcean, LLC",0
250.219.178.23,80,3.15.22.167,WARN,GET,/,8.219.181.235,201,honeyaml::access-log,2025-03-28T03:37:08.732986Z,,,,,,"malicious, malware",0,SG,"AS45102 Alibaba (US) Technology Co., Ltd.",0
250.219.178.23,3000,3.15.22.167,WARN,GET,/,8.219.181.235,201,honeyaml::access-log,2025-03-28T03:37:09.188168Z,"Mozilla/5.0 (Macintosh; Intel Mac OS X 10_14_6) AppleWebKit/537.36 (KHTML, like Gecko) Chrome/76.0.3809.132 Safari/537.36",Mozilla/5.0,Intel Mac OS X 10_14_6,AppleWebKit/537.36,Macintosh,"malicious, malware",0,SG,"AS45102 Alibaba (US) Technology Co., Ltd.",0
250.219.178.23,3000,3.15.22.167,WARN,GET,/favicon.ico,8.219.181.235,201,honeyaml::access-log,2025-03-28T03:37:09.640671Z,fasthttp,fasthttp,,,,"malicious, malware",0,SG,"AS45102 Alibaba (US) Technology Co., Ltd.",0
128.255.1.233,3000,3.15.22.167,WARN,GET,/,71.6.134.233,201,honeyaml::access-log,2025-03-26T04:02:06.593972Z,"Mozilla/5.0 (Windows NT 10.0; Win64; x64) AppleWebKit/537.36 (KHTML, like Gecko) Chrome/102.0.0.0 Safari/537.36",Mozilla/5.0,Win64,x64,Windows NT 10.0,"malicious, malware, phishing",-4,US,"AS10439 CariNet, Inc.",0
128.255.1.233,3000,3.15.22.167,WARN,GET,/favicon.ico,71.6.134.233,201,honeyaml::access-log,2025-03-26T04:02:27.270007Z,"Mozilla/5.0 (Windows NT 10.0; Win64; x64) AppleWebKit/537.36 (KHTML, like Gecko) Chrome/102.0.0.0 Safari/537.36",Mozilla/5.0,Win64,x64,Windows NT 10.0,"malicious, malware, phishing",-4,US,"AS10439 CariNet, Inc.",0
95.6.115.141,80,3.15.22.167,WARN,GET,/,167.71.141.137,201,honeyaml::access-log,2025-03-26T06:16:39.709041Z,Mozilla/5.0 (compatible),Mozilla/5.0,,,compatible,malicious,0,GB,"AS14061 DigitalOcean, LLC",0
95.6.115.141,80,3.15.22.167,WARN,GET,/favicon.ico,167.71.141.137,201,honeyaml::access-log,2025-03-26T06:16:39.890719Z,Mozilla/5.0 (compatible),Mozilla/5.0,,,compatible,malicious,0,GB,"AS14061 DigitalOcean, LLC",0
253.25.83.61,3000,3.15.22.167,WARN,GET,/,13.89.124.217,201,honeyaml::access-log,2025-03-26T07:21:29.163744Z,Mozilla/5.0 zgrab/0.x,Mozilla/5.0 zgrab/0.x,,,,"malware, malicious",0,US,AS8075 Microsoft Corporation,0
208.51.124.214,80,3.15.22.167,WARN,GET,/,47.236.228.94,201,honeyaml::access-log,2025-03-26T08:36:07.688963Z,,,,,,"malicious, malware",0,SG,"AS45102 Alibaba (US) Technology Co., Ltd.",0
208.51.124.214,3000,3.15.22.167,WARN,GET,/,47.236.228.94,201,honeyaml::access-log,2025-03-26T08:36:08.185975Z,"Mozilla/5.0 (Macintosh; Intel Mac OS X 10_14_6) AppleWebKit/537.36 (KHTML, like Gecko) Chrome/76.0.3809.132 Safari/537.36",Mozilla/5.0,Intel Mac OS X 10_14_6,AppleWebKit/537.36,Macintosh,"malicious, malware",0,SG,"AS45102 Alibaba (US) Technology Co., Ltd.",0
208.51.124.214,3000,3.15.22.167,WARN,GET,/favicon.ico,47.236.228.94,201,honeyaml::access-log,2025-03-26T08:36:08.667468Z,fasthttp,fasthttp,,,,"malicious, malware",0,SG,"AS45102 Alibaba (US) Technology Co., Ltd.",0
68.185.216.62,3000,3.15.22.167,WARN,GET,/,184.105.247.254,201,honeyaml::access-log,2025-03-27T00:12:11.542400Z,"Mozilla/5.0 (Windows NT 10.0.0; Win64; x64; ) AppleWebKit/537.36 (KHTML, like Gecko) Chrome/124.0.6367.63 Chrome/124.0.6367.63 Not-A.Brand/99  Safari/537.36",Mozilla/5.0,Win64,x64,Windows NT 10.0.0,"malicious, malware",-66,US,AS6939 Hurricane Electric LLC,1
68.185.216.62,3000,3.15.22.167,WARN,GET,/favicon.ico,184.105.247.254,201,honeyaml::access-log,2025-03-27T00:12:26.532459Z,"Mozilla/5.0 (Macintosh; Intel Mac OS X 10_15_7) AppleWebKit/605.1.15 (KHTML, like Gecko) Version/15.4 Safari/605.1.15",Mozilla/5.0,Intel Mac OS X 10_15_7,AppleWebKit/605.1.15,Macintosh,"malicious, malware",-66,US,AS6939 Hurricane Electric LLC,1
204.115.243.61,3000,3.15.22.167,WARN,GET,/,52.12.237.56,201,honeyaml::access-log,2025-03-27T01:50:22.354025Z,"Mozilla/5.0 (Macintosh; Intel Mac OS X 10_11_5) AppleWebKit/537.36 (KHTML, like Gecko) Chrome/50.0.2661.102 Safari/537.36",Mozilla/5.0,Intel Mac OS X 10_11_5,AppleWebKit/537.36,Macintosh,,0,US,"AS16509 Amazon.com, Inc.",0
12.47.16.113,3000,3.15.22.167,WARN,GET,/,205.210.31.142,201,honeyaml::access-log,2025-03-27T02:23:12.240162Z,"Expanse, a Palo Alto Networks company, searches across the global IPv4 space multiple times per day to identify customers&#39; presences on the Internet. If you would like to be excluded from our scans, please send IP addresses/domains to: scaninfo@paloaltonetworks.com","Expanse, a Palo Alto Networks company, searches across the global IPv4 space multiple times per day to identify customers&#39",,,"presences on the Internet. If you would like to be excluded from our scans, please send IP addresses/domains to: scaninfo@paloaltonetworks.com","malicious, malware, phishing",-55,BR,AS396982 Google LLC,1
96.166.251.74,3000,3.15.22.167,WARN,GET,/,159.89.5.124,201,honeyaml::access-log,2025-03-25T09:28:37.770504Z,"Mozilla/5.0 (Windows NT 10.0; Win64; x64) AppleWebKit/537.36 (KHTML, like Gecko) Chrome/108.0.0.0 Safari/537.36",Mozilla/5.0,Win64,x64,Windows NT 10.0,malicious,0,DE,"AS14061 DigitalOcean, LLC",0
250.222.44.153,80,3.15.22.167,WARN,GET,/,8.222.181.70,201,honeyaml::access-log,2025-03-25T14:47:32.396822Z,,,,,,malware,0,SG,"AS45102 Alibaba (US) Technology Co., Ltd.",0
250.222.44.153,3000,3.15.22.167,WARN,GET,/,8.222.181.70,201,honeyaml::access-log,2025-03-25T14:47:32.852960Z,"Mozilla/5.0 (Macintosh; Intel Mac OS X 10_14_6) AppleWebKit/537.36 (KHTML, like Gecko) Chrome/76.0.3809.132 Safari/537.36",Mozilla/5.0,Intel Mac OS X 10_14_6,AppleWebKit/537.36,Macintosh,malware,0,SG,"AS45102 Alibaba (US) Technology Co., Ltd.",0
250.222.44.153,3000,3.15.22.167,WARN,GET,/favicon.ico,8.222.181.70,201,honeyaml::access-log,2025-03-25T14:47:33.315435Z,fasthttp,fasthttp,,,,malware,0,SG,"AS45102 Alibaba (US) Technology Co., Ltd.",0
7.77.231.20,3000,3.15.22.167,WARN,GET,/,199.45.155.76,201,honeyaml::access-log,2025-03-25T17:20:10.677869Z,,,,,,"malicious, phishing, malware",-2,HK,"AS398722 Censys, Inc.",0
7.77.231.20,3000,3.15.22.167,WARN,GET,/,199.45.155.76,201,honeyaml::access-log,2025-03-25T17:20:14.537571Z,Mozilla/5.0 (compatible; CensysInspect/1.1; +https://about.censys.io/),Mozilla/5.0,CensysInspect/1.1,+https://about.censys.io/,compatible,"malicious, phishing, malware",-2,HK,"AS398722 Censys, Inc.",0
7.77.231.20,3000,3.15.22.167,WARN,GET,/favicon.ico,199.45.155.76,201,honeyaml::access-log,2025-03-25T17:20:18.889373Z,Mozilla/5.0 (compatible; CensysInspect/1.1; +https://about.censys.io/),Mozilla/5.0,CensysInspect/1.1,+https://about.censys.io/,compatible,"malicious, phishing, malware",-2,HK,"AS398722 Censys, Inc.",0
155.144.120.69,3000,3.15.22.167,WARN,GET,/,88.151.192.60,201,honeyaml::access-log,2025-03-25T17:38:22.284170Z,Mozilla/5.0 zgrab/0.x,Mozilla/5.0 zgrab/0.x,,,,malicious,0,UA,AS215540 GLOBAL CONNECTIVITY SOLUTIONS LLP,0
96.166.251.74,3000,3.15.22.167,WARN,GET,/,159.89.5.124,201,honeyaml::access-log,2025-03-25T22:20:35.553295Z,"Mozilla/5.0 (Windows NT 10.0; Win64; x64) AppleWebKit/537.36 (KHTML, like Gecko) Chrome/108.0.0.0 Safari/537.36",Mozilla/5.0,Win64,x64,Windows NT 10.0,malicious,0,DE,"AS14061 DigitalOcean, LLC",0
1.163.84.230,3000,3.15.22.167,WARN,GET,/,194.164.107.6,201,honeyaml::access-log,2025-03-25T23:14:32.566556Z,"Mozilla/5.0 (Windows NT 10.0; Win64; x64) AppleWebKit/537.36 (KHTML, like Gecko) Chrome/102.0.0.0 Safari/537.36",Mozilla/5.0,Win64,x64,Windows NT 10.0,"phishing, malicious, malware",-4,SG,AS50219 Valence Technology Co.,0
1.163.84.230,3000,3.15.22.167,WARN,GET,/favicon.ico,194.164.107.6,201,honeyaml::access-log,2025-03-25T23:14:58.552963Z,"Mozilla/5.0 (Windows NT 10.0; Win64; x64) AppleWebKit/537.36 (KHTML, like Gecko) Chrome/102.0.0.0 Safari/537.36",Mozilla/5.0,Win64,x64,Windows NT 10.0,"phishing, malicious, malware",-4,SG,AS50219 Valence Technology Co.,0
133.94.131.95,3000,3.15.22.167,WARN,GET,/,64.62.197.33,201,honeyaml::access-log,2025-03-26T03:08:52.073053Z,Mozilla/5.0 (Macintosh; Intel Mac OS X 10.15; rv:102.0) Gecko/20100101 Firefox/102.0,Mozilla/5.0,Intel Mac OS X 10.15,rv:102.0,Macintosh,"malicious, malware, phishing",-1,US,AS6939 Hurricane Electric LLC,0
133.94.131.84,3000,3.15.22.167,WARN,GET,/favicon.ico,64.62.197.40,201,honeyaml::access-log,2025-03-26T03:09:06.620445Z,Mozilla/5.0 (Windows NT 10.0; rv:110.0) Gecko/20100101 Firefox/110.0,Mozilla/5.0,rv:110.0,Gecko/20100101 Firefox/110.0,Windows NT 10.0,"malicious, malware, phishing",-3,US,AS6939 Hurricane Electric LLC,0
234.34.130.161,3000,3.15.22.167,WARN,GET,/,20.221.69.97,201,honeyaml::access-log,2025-03-24T05:41:30.682491Z,Mozilla/5.0 zgrab/0.x,Mozilla/5.0 zgrab/0.x,,,,,0,US,AS8075 Microsoft Corporation,0
108.90.123.157,80,,WARN,GET,/,147.185.132.64,201,honeyaml::access-log,2025-03-24T06:18:20.566263Z,"Expanse, a Palo Alto Networks company, searches across the global IPv4 space multiple times per day to identify customers&#39; presences on the Internet. If you would like to be excluded from our scans, please send IP addresses/domains to: scaninfo@paloaltonetworks.com","Expanse, a Palo Alto Networks company, searches across the global IPv4 space multiple times per day to identify customers&#39",,,"presences on the Internet. If you would like to be excluded from our scans, please send IP addresses/domains to: scaninfo@paloaltonetworks.com","malicious, phishing, malware",-3,US,AS396982 Google LLC,0
18.196.199.81,3000,3.15.22.167,WARN,GET,/,213.32.32.88,201,honeyaml::access-log,2025-03-24T18:30:24.551130Z,Mozilla/5.0 (X11; Ubuntu; Linux x86_64; rv:130.0) Gecko/20100101 Firefox/130.0,Mozilla/5.0,Ubuntu,Linux x86_64,X11,"phishing, malicious, malware",-2,FR,AS16276 OVH SAS,0
152.60.107.255,3000,3.15.22.167,WARN,GET,/favicon.ico,91.196.152.127,201,honeyaml::access-log,2025-03-24T18:36:12.448584Z,Mozilla/5.0 (X11; Ubuntu; Linux x86_64; rv:130.0) Gecko/20100101 Firefox/130.0,Mozilla/5.0,Ubuntu,Linux x86_64,X11,"malicious, malware",0,FR,AS213412 ONYPHE SAS,0
128.255.73.111,3000,3.15.22.167,WARN,GET,/,71.6.232.24,201,honeyaml::access-log,2025-03-25T00:01:13.020179Z,"Mozilla/5.0 (Windows NT 10.0; Win64; x64) AppleWebKit/537.36 (KHTML, like Gecko) Chrome/74.0.3729.131 Safari/537.36",Mozilla/5.0,Win64,x64,Windows NT 10.0,"malicious, malware, phishing",-3,US,"AS10439 CariNet, Inc.",0
132.202.251.192,3000,3.15.22.167,WARN,GET,/,65.49.1.211,201,honeyaml::access-log,2025-03-25T01:25:59.949256Z,Mozilla/5.0 (X11; Linux x86_64; rv:107.0) Gecko/20100101 Firefox/107.0,Mozilla/5.0,Linux x86_64,rv:107.0,X11,"malicious, malware",-2,US,AS6939 Hurricane Electric LLC,0
132.202.251.193,3000,3.15.22.167,WARN,GET,/favicon.ico,65.49.1.210,201,honeyaml::access-log,2025-03-25T01:26:17.628545Z,Mozilla/5.0 (Macintosh; Intel Mac OS X 10.15; rv:125.0) Gecko/20100101 Firefox/125.0,Mozilla/5.0,Intel Mac OS X 10.15,rv:125.0,Macintosh,"malicious, malware",-1,US,AS6939 Hurricane Electric LLC,0
91.216.17.102,3000,3.15.22.167,WARN,GET,/,161.248.30.30,201,honeyaml::access-log,2025-03-25T01:36:34.990766Z,Mozilla/5.0 (Windows NT 10.0; Win64; x64),Mozilla/5.0,Win64,x64,Windows NT 10.0,,0,VN,AS45899 VNPT Corp,0
12.47.16.97,80,,WARN,GET,/,205.210.31.145,201,honeyaml::access-log,2025-04-10T19:05:11.130479Z,"Expanse, a Palo Alto Networks company, searches across the global IPv4 space multiple times per day to identify customers&#39; presences on the Internet. If you would like to be excluded from our scans, please send IP addresses/domains to: scaninfo@paloaltonetworks.com","Expanse, a Palo Alto Networks company, searches across the global IPv4 space multiple times per day to identify customers&#39",,,"presences on the Internet. If you would like to be excluded from our scans, please send IP addresses/domains to: scaninfo@paloaltonetworks.com","malicious, phishing, malware",-4,BR,AS396982 Google LLC,0
112.50.176.167,3000,3.15.22.167,WARN,GET,/,135.237.127.87,201,honeyaml::access-log,2025-04-10T20:46:48.976938Z,Mozilla/5.0 zgrab/0.x,Mozilla/5.0 zgrab/0.x,,,,malware,-3,US,AS8075 Microsoft Corporation,0
6.251.21.104,3000,3.15.22.167,WARN,GET,/,198.235.24.153,201,honeyaml::access-log,2025-04-10T23:01:41.431861Z,"Expanse, a Palo Alto Networks company, searches across the global IPv4 space multiple times per day to identify customers&#39; presences on the Internet. If you would like to be excluded from our scans, please send IP addresses/domains to: scaninfo@paloaltonetworks.com","Expanse, a Palo Alto Networks company, searches across the global IPv4 space multiple times per day to identify customers&#39",,,"presences on the Internet. If you would like to be excluded from our scans, please send IP addresses/domains to: scaninfo@paloaltonetworks.com","malicious, phishing, malware",-4,BE,AS396982 Google LLC,0
132.202.226.123,3000,3.15.22.167,WARN,GET,/,65.49.20.69,201,honeyaml::access-log,2025-04-11T01:25:12.872332Z,"Mozilla/5.0 (Windows NT 10.0; Win64; x64) AppleWebKit/537.36 (KHTML, like Gecko) Chrome/110.0.0.0 Safari/537.36 Edg/110.0.1587.57",Mozilla/5.0,Win64,x64,Windows NT 10.0,"malicious, phishing, malware",-18,US,AS6939 Hurricane Electric LLC,0
132.202.226.123,3000,3.15.22.167,WARN,GET,/favicon.ico,65.49.20.69,201,honeyaml::access-log,2025-04-11T01:25:31.459508Z,"Mozilla/5.0 (Windows NT 10.0; WOW64) AppleWebKit/537.36 (KHTML, like Gecko) Chrome/94.0.4606.71 Safari/537.36 SE 2.X MetaSr 1.0",Mozilla/5.0,WOW64,AppleWebKit/537.36,Windows NT 10.0,"malicious, phishing, malware",-18,US,AS6939 Hurricane Electric LLC,0
180.155.203.55,80,3.15.22.167,WARN,GET,/,104.152.52.63,201,honeyaml::access-log,2025-04-11T01:38:54.000197Z,curl/7.61.1,curl/7.61.1,,,,"malicious, phishing, malware",-1,US,AS14987 Rethem Hosting LLC,0
238.121.4.223,3000,3.15.22.167,WARN,GET,/,18.97.5.35,201,honeyaml::access-log,2025-03-23T04:10:41.580357Z,"Mozilla/5.0 (Windows NT 6.2;en-US) AppleWebKit/537.32.36 (KHTML, live Gecko) Chrome/53.0.3075.69 Safari/537.32",Mozilla/5.0,en-US,AppleWebKit/537.32.36,Windows NT 6.2,"malicious, malware",0,US,"AS14618 Amazon.com, Inc.",0
6.251.21.99,80,,WARN,GET,/,198.235.24.147,201,honeyaml::access-log,2025-03-23T04:55:26.948459Z,"Expanse, a Palo Alto Networks company, searches across the global IPv4 space multiple times per day to identify customers&#39; presences on the Internet. If you would like to be excluded from our scans, please send IP addresses/domains to: scaninfo@paloaltonetworks.com","Expanse, a Palo Alto Networks company, searches across the global IPv4 space multiple times per day to identify customers&#39",,,"presences on the Internet. If you would like to be excluded from our scans, please send IP addresses/domains to: scaninfo@paloaltonetworks.com","malicious, malware, phishing",-3,BE,AS396982 Google LLC,0
109.161.15.98,3000,3.15.22.167,WARN,GET,/,146.190.143.82,201,honeyaml::access-log,2025-03-23T05:13:14.812664Z,"Mozilla/5.0 (Windows NT 10.0; Win64; x64) AppleWebKit/537.36 (KHTML, like Gecko) Chrome/108.0.0.0 Safari/537.36",Mozilla/5.0,Win64,x64,Windows NT 10.0,,0,US,"AS14061 DigitalOcean, LLC",0
208.50.190.143,80,3.15.22.167,WARN,GET,/,47.237.114.79,201,honeyaml::access-log,2025-03-23T06:19:06.601883Z,,,,,,malware,0,SG,"AS45102 Alibaba (US) Technology Co., Ltd.",0
208.50.190.143,3000,3.15.22.167,WARN,GET,/,47.237.114.79,201,honeyaml::access-log,2025-03-23T06:19:07.049891Z,"Mozilla/5.0 (Macintosh; Intel Mac OS X 10_14_6) AppleWebKit/537.36 (KHTML, like Gecko) Chrome/76.0.3809.132 Safari/537.36",Mozilla/5.0,Intel Mac OS X 10_14_6,AppleWebKit/537.36,Macintosh,malware,0,SG,"AS45102 Alibaba (US) Technology Co., Ltd.",0
208.50.190.143,3000,3.15.22.167,WARN,GET,/favicon.ico,47.237.114.79,201,honeyaml::access-log,2025-03-23T06:19:07.500304Z,fasthttp,fasthttp,,,,malware,0,SG,"AS45102 Alibaba (US) Technology Co., Ltd.",0
164.72.227.133,3000,3.15.22.167,WARN,GET,/,123.160.221.132,201,honeyaml::access-log,2025-03-23T06:19:19.452267Z,"Mozilla/5.0 (Macintosh; Intel Mac OS X 10_15_7) AppleWebKit/537.36 (KHTML, like Gecko) Chrome/96.0.4664.110 Safari/537.36",Mozilla/5.0,Intel Mac OS X 10_15_7,AppleWebKit/537.36,Macintosh,"malicious, malware",-53,CN,"AS137687 Luoyang, Henan Province, P.R.China.",1
109.161.15.98,3000,3.15.22.167,WARN,GET,/,146.190.143.82,201,honeyaml::access-log,2025-03-23T13:38:51.784184Z,"Mozilla/5.0 (Windows NT 10.0; Win64; x64) AppleWebKit/537.36 (KHTML, like Gecko) Chrome/108.0.0.0 Safari/537.36",Mozilla/5.0,Win64,x64,Windows NT 10.0,,0,US,"AS14061 DigitalOcean, LLC",0
12.47.16.100,80,,WARN,GET,/,205.210.31.148,201,honeyaml::access-log,2025-03-23T18:49:34.218639Z,"Expanse, a Palo Alto Networks company, searches across the global IPv4 space multiple times per day to identify customers&#39; presences on the Internet. If you would like to be excluded from our scans, please send IP addresses/domains to: scaninfo@paloaltonetworks.com","Expanse, a Palo Alto Networks company, searches across the global IPv4 space multiple times per day to identify customers&#39",,,"presences on the Internet. If you would like to be excluded from our scans, please send IP addresses/domains to: scaninfo@paloaltonetworks.com","malicious, malware, phishing",-5,BR,AS396982 Google LLC,0
208.50.190.119,80,3.15.22.167,WARN,GET,/,47.237.114.136,201,honeyaml::access-log,2025-03-24T02:51:54.700740Z,,,,,,,0,SG,"AS45102 Alibaba (US) Technology Co., Ltd.",0
208.50.190.119,3000,3.15.22.167,WARN,GET,/,47.237.114.136,201,honeyaml::access-log,2025-03-24T02:51:55.183746Z,"Mozilla/5.0 (Macintosh; Intel Mac OS X 10_14_6) AppleWebKit/537.36 (KHTML, like Gecko) Chrome/76.0.3809.132 Safari/537.36",Mozilla/5.0,Intel Mac OS X 10_14_6,AppleWebKit/537.36,Macintosh,,0,SG,"AS45102 Alibaba (US) Technology Co., Ltd.",0
208.50.190.119,3000,3.15.22.167,WARN,GET,/favicon.ico,47.237.114.136,201,honeyaml::access-log,2025-03-24T02:51:55.678175Z,fasthttp,fasthttp,,,,,0,SG,"AS45102 Alibaba (US) Technology Co., Ltd.",0
106.54.110.246,80,3.15.22.167,WARN,GET,/,148.113.214.202,201,honeyaml::access-log,2025-03-24T03:10:03.296865Z,Mozilla/5.0 zgrab/0.x,Mozilla/5.0 zgrab/0.x,,,,malicious,-1,CA,AS16276 OVH SAS,0
133.94.131.213,3000,3.15.22.167,WARN,GET,/,64.62.197.220,201,honeyaml::access-log,2025-03-24T03:23:47.999795Z,"Mozilla/5.0 (X11; Linux x86_64) AppleWebKit/537.36 (KHTML, like Gecko) HeadlessChrome/122.0.6261.94 Safari/537.36",Mozilla/5.0,Linux x86_64,AppleWebKit/537.36,X11,"malicious, malware, phishing",-2,US,AS6939 Hurricane Electric LLC,0
133.94.131.215,3000,3.15.22.167,WARN,GET,/favicon.ico,64.62.197.223,201,honeyaml::access-log,2025-03-24T03:24:02.824940Z,"Mozilla/5.0 (Macintosh; Intel Mac OS X 10_15_7) AppleWebKit/537.36 (KHTML, like Gecko) Chrome/122.0.0.0 Safari/537.36",Mozilla/5.0,Intel Mac OS X 10_15_7,AppleWebKit/537.36,Macintosh,"malicious, malware, phishing",-2,US,AS6939 Hurricane Electric LLC,0
132.202.251.26,3000,3.15.22.167,WARN,GET,/,65.49.1.21,201,honeyaml::access-log,2025-03-22T10:13:24.483719Z,Mozilla/5.0 (X11; Linux x86_64; rv:124.0) Gecko/20100101 Firefox/124.0,Mozilla/5.0,Linux x86_64,rv:124.0,X11,"phishing, malicious, malware",-3,US,AS6939 Hurricane Electric LLC,0
132.202.251.27,3000,3.15.22.167,WARN,GET,/favicon.ico,65.49.1.20,201,honeyaml::access-log,2025-03-22T10:13:39.815254Z,Mozilla/5.0 (Windows NT 10.0; rv:102.0) Gecko/20100101 Firefox/102.0,Mozilla/5.0,rv:102.0,Gecko/20100101 Firefox/102.0,Windows NT 10.0,"malicious, malware, phishing",-3,US,AS6939 Hurricane Electric LLC,0
12.47.16.134,80,,WARN,GET,/,205.210.31.6,201,honeyaml::access-log,2025-03-22T10:49:32.160818Z,"Expanse, a Palo Alto Networks company, searches across the global IPv4 space multiple times per day to identify customers&#39; presences on the Internet. If you would like to be excluded from our scans, please send IP addresses/domains to: scaninfo@paloaltonetworks.com","Expanse, a Palo Alto Networks company, searches across the global IPv4 space multiple times per day to identify customers&#39",,,"presences on the Internet. If you would like to be excluded from our scans, please send IP addresses/domains to: scaninfo@paloaltonetworks.com","malicious, malware, phishing",-54,US,AS396982 Google LLC,1
6.251.21.137,3000,3.15.22.167,WARN,GET,/,198.235.24.14,201,honeyaml::access-log,2025-03-22T18:05:17.018509Z,"Expanse, a Palo Alto Networks company, searches across the global IPv4 space multiple times per day to identify customers&#39; presences on the Internet. If you would like to be excluded from our scans, please send IP addresses/domains to: scaninfo@paloaltonetworks.com","Expanse, a Palo Alto Networks company, searches across the global IPv4 space multiple times per day to identify customers&#39",,,"presences on the Internet. If you would like to be excluded from our scans, please send IP addresses/domains to: scaninfo@paloaltonetworks.com","malicious, malware, phishing",-3,TW,AS396982 Google LLC,0
113.62.5.221,80,3.15.22.167,WARN,GET,/,134.199.229.194,201,honeyaml::access-log,2025-03-23T01:37:29.938107Z,Mozilla/5.0 (compatible),Mozilla/5.0,,,compatible,,0,US,"AS14061 DigitalOcean, LLC",0
113.62.5.221,80,3.15.22.167,WARN,GET,/favicon.ico,134.199.229.194,201,honeyaml::access-log,2025-03-23T01:37:30.151042Z,Mozilla/5.0 (compatible),Mozilla/5.0,,,compatible,,0,US,"AS14061 DigitalOcean, LLC",0
253.25.82.34,3000,3.15.22.167,WARN,GET,/,13.89.125.224,201,honeyaml::access-log,2025-03-23T02:14:19.231163Z,Mozilla/5.0 zgrab/0.x,Mozilla/5.0 zgrab/0.x,,,,"malicious, malware",0,US,AS8075 Microsoft Corporation,0
122.242.225.93,3000,3.15.22.167,WARN,GET,/,138.197.30.32,201,honeyaml::access-log,2025-03-21T04:22:37.318824Z,"Mozilla/5.0 (Windows NT 10.0; Win64; x64) AppleWebKit/537.36 (KHTML, like Gecko) Chrome/108.0.0.0 Safari/537.36",Mozilla/5.0,Win64,x64,Windows NT 10.0,,0,US,"AS14061 DigitalOcean, LLC",0
6.251.21.29,80,,WARN,GET,/,198.235.24.225,201,honeyaml::access-log,2025-03-21T09:15:11.450056Z,"Expanse, a Palo Alto Networks company, searches across the global IPv4 space multiple times per day to identify customers&#39; presences on the Internet. If you would like to be excluded from our scans, please send IP addresses/domains to: scaninfo@paloaltonetworks.com","Expanse, a Palo Alto Networks company, searches across the global IPv4 space multiple times per day to identify customers&#39",,,"presences on the Internet. If you would like to be excluded from our scans, please send IP addresses/domains to: scaninfo@paloaltonetworks.com","malicious, phishing",-3,BE,AS396982 Google LLC,0
132.202.251.77,3000,3.15.22.167,WARN,GET,/,65.49.1.74,201,honeyaml::access-log,2025-03-21T11:00:09.283589Z,"Mozilla/5.0 (Windows NT 10.0; WOW64) AppleWebKit/537.36 (KHTML, like Gecko) Chrome/94.0.4606.71 Safari/537.36 SE 2.X MetaSr 1.0",Mozilla/5.0,WOW64,AppleWebKit/537.36,Windows NT 10.0,"malicious, phishing, malware",-4,US,AS6939 Hurricane Electric LLC,0
132.202.251.79,3000,3.15.22.167,WARN,GET,/favicon.ico,65.49.1.73,201,honeyaml::access-log,2025-03-21T11:00:38.790442Z,Mozilla/5.0 (X11; Ubuntu; Linux x86_64; rv:125.0) Gecko/20100101 Firefox/125.0,Mozilla/5.0,Ubuntu,Linux x86_64,X11,"malicious, malware, phishing",-3,US,AS6939 Hurricane Electric LLC,0
152.60.107.248,3000,3.15.22.167,WARN,GET,/,91.196.152.120,201,honeyaml::access-log,2025-03-21T11:20:21.377443Z,Mozilla/5.0 (X11; Ubuntu; Linux x86_64; rv:130.0) Gecko/20100101 Firefox/130.0,Mozilla/5.0,Ubuntu,Linux x86_64,X11,"malicious, malware",0,FR,AS213412 ONYPHE SAS,0
152.60.107.140,3000,3.15.22.167,WARN,GET,/favicon.ico,91.196.152.12,201,honeyaml::access-log,2025-03-21T11:26:13.374480Z,Mozilla/5.0 (X11; Ubuntu; Linux x86_64; rv:130.0) Gecko/20100101 Firefox/130.0,Mozilla/5.0,Ubuntu,Linux x86_64,X11,malicious,-2,FR,AS213412 ONYPHE SAS,0
85.123.161.209,3000,3.15.22.167,WARN,GET,/,170.64.226.206,201,honeyaml::access-log,2025-03-21T12:13:09.825999Z,"Mozilla/5.0 (Windows NT 10.0; Win64; x64) AppleWebKit/537.36 (KHTML, like Gecko) Chrome/108.0.0.0 Safari/537.36",Mozilla/5.0,Win64,x64,Windows NT 10.0,"phishing, malicious, malware",0,AU,"AS14061 DigitalOcean, LLC",0
238.224.16.218,3000,3.15.22.167,WARN,GET,/,18.222.145.90,201,honeyaml::access-log,2025-03-21T13:21:39.160999Z,Mozilla/5.0 (Macintosh; Intel Mac OS X 10_15_7) Chrome/126.0.0.0 Safari/537.36,Mozilla/5.0,Intel Mac OS X 10_15_7,Chrome/126.0.0.0 Safari/537.36,Macintosh,malware,0,US,"AS16509 Amazon.com, Inc.",0
234.134.62.98,3000,3.15.22.167,WARN,GET,/,20.65.194.129,201,honeyaml::access-log,2025-03-22T01:44:41.319921Z,Mozilla/5.0 zgrab/0.x,Mozilla/5.0 zgrab/0.x,,,,malicious,-1,US,AS8075 Microsoft Corporation,0
108.90.123.90,80,,WARN,GET,/,147.185.132.165,201,honeyaml::access-log,2025-03-20T05:36:51.622196Z,"Expanse, a Palo Alto Networks company, searches across the global IPv4 space multiple times per day to identify customers&#39; presences on the Internet. If you would like to be excluded from our scans, please send IP addresses/domains to: scaninfo@paloaltonetworks.com","Expanse, a Palo Alto Networks company, searches across the global IPv4 space multiple times per day to identify customers&#39",,,"presences on the Internet. If you would like to be excluded from our scans, please send IP addresses/domains to: scaninfo@paloaltonetworks.com","malicious, phishing, malware",-3,US,AS396982 Google LLC,0
132.202.251.53,3000,3.15.22.167,WARN,GET,/,65.49.1.60,201,honeyaml::access-log,2025-03-20T09:05:29.397800Z,Mozilla/5.0 (X11; Ubuntu; Linux x86_64; rv:125.0) Gecko/20100101 Firefox/125.0,Mozilla/5.0,Ubuntu,Linux x86_64,X11,"malicious, phishing, malware",-53,US,AS6939 Hurricane Electric LLC,1
132.202.251.56,3000,3.15.22.167,WARN,GET,/favicon.ico,65.49.1.55,201,honeyaml::access-log,2025-03-20T09:05:43.858924Z,"Mozilla/5.0 (Macintosh; Intel Mac OS X 10_15_7) AppleWebKit/605.1.15 (KHTML, like Gecko) Version/15.6.1 Safari/605.1.15",Mozilla/5.0,Intel Mac OS X 10_15_7,AppleWebKit/605.1.15,Macintosh,"malicious, malware, phishing",-4,US,AS6939 Hurricane Electric LLC,0
85.123.161.209,3000,3.15.22.167,WARN,GET,/,170.64.226.206,201,honeyaml::access-log,2025-03-21T00:18:45.587376Z,"Mozilla/5.0 (Windows NT 10.0; Win64; x64) AppleWebKit/537.36 (KHTML, like Gecko) Chrome/108.0.0.0 Safari/537.36",Mozilla/5.0,Win64,x64,Windows NT 10.0,"phishing, malicious, malware",0,AU,"AS14061 DigitalOcean, LLC",0
83.92.28.191,3000,3.15.22.167,WARN,GET,/,172.172.245.127,201,honeyaml::access-log,2025-03-21T00:22:36.735460Z,Mozilla/5.0 zgrab/0.x,Mozilla/5.0 zgrab/0.x,,,,"malware, malicious",0,US,AS8075 Microsoft Corporation,0
91.216.17.102,3000,3.15.22.167,WARN,GET,/,161.248.30.30,201,honeyaml::access-log,2025-03-21T00:53:27.519673Z,Mozilla/5.0 (Windows NT 10.0; Win64; x64),Mozilla/5.0,Win64,x64,Windows NT 10.0,,0,VN,AS45899 VNPT Corp,0
66.167.94.182,3000,3.15.22.167,WARN,GET,/,188.166.190.62,201,honeyaml::access-log,2025-03-19T04:16:54.559408Z,"Mozilla/5.0 (Windows NT 10.0; Win64; x64) AppleWebKit/537.36 (KHTML, like Gecko) Chrome/108.0.0.0 Safari/537.36",Mozilla/5.0,Win64,x64,Windows NT 10.0,,0,SG,"AS14061 DigitalOcean, LLC",0
208.50.149.14,80,3.15.22.167,WARN,GET,/,47.237.89.14,201,honeyaml::access-log,2025-03-19T14:41:27.312716Z,,,,,,"malicious, malware",0,SG,"AS45102 Alibaba (US) Technology Co., Ltd.",0
208.50.149.14,3000,3.15.22.167,WARN,GET,/,47.237.89.14,201,honeyaml::access-log,2025-03-19T14:41:27.761206Z,"Mozilla/5.0 (Macintosh; Intel Mac OS X 10_14_6) AppleWebKit/537.36 (KHTML, like Gecko) Chrome/76.0.3809.132 Safari/537.36",Mozilla/5.0,Intel Mac OS X 10_14_6,AppleWebKit/537.36,Macintosh,"malicious, malware",0,SG,"AS45102 Alibaba (US) Technology Co., Ltd.",0
208.50.149.14,3000,3.15.22.167,WARN,GET,/favicon.ico,47.237.89.14,201,honeyaml::access-log,2025-03-19T14:41:28.214719Z,fasthttp,fasthttp,,,,"malicious, malware",0,SG,"AS45102 Alibaba (US) Technology Co., Ltd.",0
234.110.201.120,3000,3.15.22.167,WARN,GET,/,20.150.202.135,201,honeyaml::access-log,2025-03-19T17:52:34.841404Z,Mozilla/5.0 zgrab/0.x,Mozilla/5.0 zgrab/0.x,,,,"malicious, malware",0,US,AS8075 Microsoft Corporation,0
253.25.83.56,3000,3.15.22.167,WARN,GET,/,13.89.124.223,201,honeyaml::access-log,2025-03-19T21:08:53.588568Z,Mozilla/5.0 zgrab/0.x,Mozilla/5.0 zgrab/0.x,,,,"malicious, malware",-1,US,AS8075 Microsoft Corporation,0
12.47.16.123,3000,3.15.22.167,WARN,GET,/,205.210.31.133,201,honeyaml::access-log,2025-03-19T22:25:23.653480Z,"Expanse, a Palo Alto Networks company, searches across the global IPv4 space multiple times per day to identify customers&#39; presences on the Internet. If you would like to be excluded from our scans, please send IP addresses/domains to: scaninfo@paloaltonetworks.com","Expanse, a Palo Alto Networks company, searches across the global IPv4 space multiple times per day to identify customers&#39",,,"presences on the Internet. If you would like to be excluded from our scans, please send IP addresses/domains to: scaninfo@paloaltonetworks.com","malicious, malware, phishing",-4,BR,AS396982 Google LLC,0
12.47.16.39,3000,3.15.22.167,WARN,GET,/,205.210.31.231,201,honeyaml::access-log,2025-03-20T03:22:30.217783Z,"Expanse, a Palo Alto Networks company, searches across the global IPv4 space multiple times per day to identify customers&#39; presences on the Internet. If you would like to be excluded from our scans, please send IP addresses/domains to: scaninfo@paloaltonetworks.com","Expanse, a Palo Alto Networks company, searches across the global IPv4 space multiple times per day to identify customers&#39",,,"presences on the Internet. If you would like to be excluded from our scans, please send IP addresses/domains to: scaninfo@paloaltonetworks.com","malicious, phishing, malware",-3,BR,AS396982 Google LLC,0
119.133.128.60,3000,3.15.22.167,WARN,GET,/,128.1.131.221,201,honeyaml::access-log,2025-03-18T07:45:07.483043Z,,,,,,malware,0,HK,AS135377 UCLOUD INFORMATION TECHNOLOGY (HK) LIMITED,0
208.50.129.15,80,3.15.22.167,WARN,GET,/,47.237.70.255,201,honeyaml::access-log,2025-03-18T12:32:03.532069Z,,,,,,,0,SG,"AS45102 Alibaba (US) Technology Co., Ltd.",0
208.50.129.15,3000,3.15.22.167,WARN,GET,/,47.237.70.255,201,honeyaml::access-log,2025-03-18T12:32:05.571549Z,"Mozilla/5.0 (Macintosh; Intel Mac OS X 10_14_6) AppleWebKit/537.36 (KHTML, like Gecko) Chrome/76.0.3809.132 Safari/537.36",Mozilla/5.0,Intel Mac OS X 10_14_6,AppleWebKit/537.36,Macintosh,,0,SG,"AS45102 Alibaba (US) Technology Co., Ltd.",0
208.50.129.15,3000,3.15.22.167,WARN,GET,/favicon.ico,47.237.70.255,201,honeyaml::access-log,2025-03-18T12:32:06.002706Z,fasthttp,fasthttp,,,,,0,SG,"AS45102 Alibaba (US) Technology Co., Ltd.",0
68.185.216.27,3000,3.15.22.167,WARN,GET,/,184.105.247.196,201,honeyaml::access-log,2025-03-18T12:52:59.803409Z,"Mozilla/5.0 (Windows NT 10.0; Win64; x64) AppleWebKit/537.36 (KHTML, like Gecko) Chrome/124.0.0.0 Safari/537.36 Edg/124.0.0.0",Mozilla/5.0,Win64,x64,Windows NT 10.0,"malicious, phishing, malware",-68,US,AS6939 Hurricane Electric LLC,1
68.185.216.27,3000,3.15.22.167,WARN,GET,/favicon.ico,184.105.247.196,201,honeyaml::access-log,2025-03-18T12:53:17.606085Z,"Mozilla/5.0 (Windows NT 10.0; WOW64) AppleWebKit/537.36 (KHTML, like Gecko) Chrome/109.0.0.0 Safari/537.36",Mozilla/5.0,WOW64,AppleWebKit/537.36,Windows NT 10.0,"malicious, phishing, malware",-68,US,AS6939 Hurricane Electric LLC,1
234.110.204.38,3000,3.15.22.167,WARN,GET,/,20.150.204.230,201,honeyaml::access-log,2025-03-18T13:36:14.337700Z,Mozilla/5.0 zgrab/0.x,Mozilla/5.0 zgrab/0.x,,,,"malicious, malware",0,US,AS8075 Microsoft Corporation,0
150.208.179.245,3000,3.15.22.167,WARN,GET,/,80.82.77.202,201,honeyaml::access-log,2025-03-18T18:32:01.831580Z,fasthttp,fasthttp,,,,"malicious, phishing, malware",-66,NL,AS202425 IP Volume inc,1
250.219.52.183,80,3.15.22.167,WARN,GET,/,8.219.49.75,201,honeyaml::access-log,2025-03-17T04:17:16.357804Z,,,,,,,0,SG,"AS45102 Alibaba (US) Technology Co., Ltd.",0
250.219.52.183,3000,3.15.22.167,WARN,GET,/,8.219.49.75,201,honeyaml::access-log,2025-03-17T04:17:16.809964Z,"Mozilla/5.0 (Macintosh; Intel Mac OS X 10_14_6) AppleWebKit/537.36 (KHTML, like Gecko) Chrome/76.0.3809.132 Safari/537.36",Mozilla/5.0,Intel Mac OS X 10_14_6,AppleWebKit/537.36,Macintosh,,0,SG,"AS45102 Alibaba (US) Technology Co., Ltd.",0
250.219.52.183,3000,3.15.22.167,WARN,GET,/favicon.ico,8.219.49.75,201,honeyaml::access-log,2025-03-17T04:17:17.261825Z,fasthttp,fasthttp,,,,,0,SG,"AS45102 Alibaba (US) Technology Co., Ltd.",0
245.44.66.167,3000,3.15.22.167,WARN,GET,/,4.236.189.39,201,honeyaml::access-log,2025-03-17T11:55:38.174500Z,Mozilla/5.0 zgrab/0.x,Mozilla/5.0 zgrab/0.x,,,,,0,US,AS8075 Microsoft Corporation,0
2.77.211.116,3000,3.15.22.167,WARN,GET,/,193.181.177.11,201,honeyaml::access-log,2025-03-17T13:13:54.531209Z,Mozilla/5.0 zgrab/0.x,Mozilla/5.0 zgrab/0.x,,,,"malicious, malware",0,NL,AS208583 Baffin Bay Networks AB,0
200.231.177.1,3000,3.15.22.167,WARN,GET,/,51.91.174.248,201,honeyaml::access-log,2025-03-17T18:38:57.888587Z,Mozilla/5.0 (X11; Ubuntu; Linux x86_64; rv:130.0) Gecko/20100101 Firefox/130.0,Mozilla/5.0,Ubuntu,Linux x86_64,X11,"phishing, malicious, malware",0,FR,AS16276 OVH SAS,0
180.216.148.103,80,3.15.22.167,WARN,GET,/,104.248.232.151,201,honeyaml::access-log,2025-03-18T01:13:02.240846Z,Mozilla/5.0 (compatible),Mozilla/5.0,,,compatible,,0,US,"AS14061 DigitalOcean, LLC",0
180.216.148.103,80,3.15.22.167,WARN,GET,/favicon.ico,104.248.232.151,201,honeyaml::access-log,2025-03-18T01:13:02.337471Z,Mozilla/5.0 (compatible),Mozilla/5.0,,,compatible,,0,US,"AS14061 DigitalOcean, LLC",0
128.255.73.111,3000,3.15.22.167,WARN,GET,/,71.6.232.24,201,honeyaml::access-log,2025-03-18T02:56:09.967524Z,"Mozilla/5.0 (Windows NT 10.0; Win64; x64) AppleWebKit/537.36 (KHTML, like Gecko) Chrome/74.0.3729.131 Safari/537.36",Mozilla/5.0,Win64,x64,Windows NT 10.0,"malicious, malware, phishing",-3,US,"AS10439 CariNet, Inc.",0
133.206.147.176,3000,3.15.22.167,WARN,GET,/,64.227.109.191,201,honeyaml::access-log,2025-03-16T06:52:58.112006Z,"Mozilla/5.0 (Windows NT 10.0; Win64; x64) AppleWebKit/537.36 (KHTML, like Gecko) Chrome/108.0.0.0 Safari/537.36",Mozilla/5.0,Win64,x64,Windows NT 10.0,,0,US,"AS14061 DigitalOcean, LLC",0
0.71.179.137,3000,3.15.22.167,WARN,GET,/,195.184.76.154,201,honeyaml::access-log,2025-03-16T10:21:33.167467Z,Mozilla/5.0 (X11; Ubuntu; Linux x86_64; rv:130.0) Gecko/20100101 Firefox/130.0,Mozilla/5.0,Ubuntu,Linux x86_64,X11,"malicious, malware",0,US,AS213412 ONYPHE SAS,0
200.238.25.170,3000,3.15.22.167,WARN,GET,/favicon.ico,51.81.144.44,201,honeyaml::access-log,2025-03-16T10:28:08.655685Z,Mozilla/5.0 (X11; Ubuntu; Linux x86_64; rv:130.0) Gecko/20100101 Firefox/130.0,Mozilla/5.0,Ubuntu,Linux x86_64,X11,"malicious, malware",0,US,AS16276 OVH SAS,0
83.20.160.109,3000,3.15.22.167,WARN,GET,/,172.212.103.140,201,honeyaml::access-log,2025-03-16T10:54:43.803832Z,Mozilla/5.0 zgrab/0.x,Mozilla/5.0 zgrab/0.x,,,,"malicious, malware",0,US,AS8075 Microsoft Corporation,0
250.219.204.24,80,3.15.22.167,WARN,GET,/,8.219.236.87,201,honeyaml::access-log,2025-03-16T12:16:02.080447Z,,,,,,,0,SG,"AS45102 Alibaba (US) Technology Co., Ltd.",0
133.206.147.176,3000,3.15.22.167,WARN,GET,/,64.227.109.191,201,honeyaml::access-log,2025-03-16T18:42:13.325338Z,"Mozilla/5.0 (Windows NT 10.0; Win64; x64) AppleWebKit/537.36 (KHTML, like Gecko) Chrome/108.0.0.0 Safari/537.36",Mozilla/5.0,Win64,x64,Windows NT 10.0,,0,US,"AS14061 DigitalOcean, LLC",0
152.60.107.179,3000,3.15.22.167,WARN,GET,/,91.196.152.61,201,honeyaml::access-log,2025-03-16T19:26:11.513048Z,Mozilla/5.0 (X11; Ubuntu; Linux x86_64; rv:130.0) Gecko/20100101 Firefox/130.0,Mozilla/5.0,Ubuntu,Linux x86_64,X11,"malicious, malware",0,FR,AS213412 ONYPHE SAS,0
244.119.37.249,3000,3.15.22.167,WARN,GET,/favicon.ico,5.135.58.198,201,honeyaml::access-log,2025-03-16T19:33:08.736562Z,Mozilla/5.0 (X11; Ubuntu; Linux x86_64; rv:130.0) Gecko/20100101 Firefox/130.0,Mozilla/5.0,Ubuntu,Linux x86_64,X11,malware,0,FR,AS16276 OVH SAS,0
108.90.123.70,80,,WARN,GET,/,147.185.132.186,201,honeyaml::access-log,2025-03-16T21:00:50.586512Z,"Expanse, a Palo Alto Networks company, searches across the global IPv4 space multiple times per day to identify customers&#39; presences on the Internet. If you would like to be excluded from our scans, please send IP addresses/domains to: scaninfo@paloaltonetworks.com","Expanse, a Palo Alto Networks company, searches across the global IPv4 space multiple times per day to identify customers&#39",,,"presences on the Internet. If you would like to be excluded from our scans, please send IP addresses/domains to: scaninfo@paloaltonetworks.com","malicious, malware, phishing",-1,US,AS396982 Google LLC,0
12.47.16.239,3000,3.15.22.167,WARN,GET,/,205.210.31.111,201,honeyaml::access-log,2025-03-16T21:30:45.536578Z,"Expanse, a Palo Alto Networks company, searches across the global IPv4 space multiple times per day to identify customers&#39; presences on the Internet. If you would like to be excluded from our scans, please send IP addresses/domains to: scaninfo@paloaltonetworks.com","Expanse, a Palo Alto Networks company, searches across the global IPv4 space multiple times per day to identify customers&#39",,,"presences on the Internet. If you would like to be excluded from our scans, please send IP addresses/domains to: scaninfo@paloaltonetworks.com","malicious, malware, phishing",-3,US,AS396982 Google LLC,0
164.53.83.128,3000,3.15.22.167,WARN,GET,/,123.245.84.31,201,honeyaml::access-log,2025-03-16T23:12:37.436909Z,,,,,,"malicious, malware",0,CN,AS4134 CHINANET-BACKBONE,0
170.220.179.119,3000,3.15.22.167,WARN,GET,/,116.252.76.23,201,honeyaml::access-log,2025-03-16T23:12:59.973203Z,"Mozilla/5.0 (Windows NT 6.1) AppleWebKit/537.36 (KHTML, like Gecko) Chrome/49.0.2623.112 Safari/537.36",Mozilla/5.0,AppleWebKit/537.36,"KHTML, like Gecko",Windows NT 6.1,,0,CN,AS4134 CHINANET-BACKBONE,0
121.55.196.4,3000,3.15.22.167,WARN,GET,/,137.74.181.244,201,honeyaml::access-log,2025-03-15T04:28:11.984110Z,Mozilla/5.0 (X11; Ubuntu; Linux x86_64; rv:130.0) Gecko/20100101 Firefox/130.0,Mozilla/5.0,Ubuntu,Linux x86_64,X11,malware,-2,FR,AS16276 OVH SAS,0
2.181.132.159,3000,3.15.22.167,WARN,GET,/,193.42.96.128,201,honeyaml::access-log,2025-03-15T06:13:43.482846Z,Go-http-client/1.1,Go-http-client/1.1,,,,,0,DE,AS136787 PacketHub S.A.,0
6.251.21.225,3000,3.15.22.167,WARN,GET,/,198.235.24.98,201,honeyaml::access-log,2025-03-15T09:10:30.189359Z,"Expanse, a Palo Alto Networks company, searches across the global IPv4 space multiple times per day to identify customers&#39; presences on the Internet. If you would like to be excluded from our scans, please send IP addresses/domains to: scaninfo@paloaltonetworks.com","Expanse, a Palo Alto Networks company, searches across the global IPv4 space multiple times per day to identify customers&#39",,,"presences on the Internet. If you would like to be excluded from our scans, please send IP addresses/domains to: scaninfo@paloaltonetworks.com","malicious, phishing, malware",-2,TW,AS396982 Google LLC,0
234.110.203.149,3000,3.15.22.167,WARN,GET,/,20.150.201.140,201,honeyaml::access-log,2025-03-15T09:36:29.258839Z,Mozilla/5.0 zgrab/0.x,Mozilla/5.0 zgrab/0.x,,,,"malicious, malware",0,US,AS8075 Microsoft Corporation,0
250.219.200.99,80,3.15.22.167,WARN,GET,/,8.219.233.152,201,honeyaml::access-log,2025-03-15T11:50:20.061408Z,,,,,,,0,SG,"AS45102 Alibaba (US) Technology Co., Ltd.",0
250.219.200.99,3000,3.15.22.167,WARN,GET,/,8.219.233.152,201,honeyaml::access-log,2025-03-15T11:50:20.517452Z,"Mozilla/5.0 (Macintosh; Intel Mac OS X 10_14_6) AppleWebKit/537.36 (KHTML, like Gecko) Chrome/76.0.3809.132 Safari/537.36",Mozilla/5.0,Intel Mac OS X 10_14_6,AppleWebKit/537.36,Macintosh,,0,SG,"AS45102 Alibaba (US) Technology Co., Ltd.",0
250.219.200.99,3000,3.15.22.167,WARN,GET,/favicon.ico,8.219.233.152,201,honeyaml::access-log,2025-03-15T11:50:20.971224Z,fasthttp,fasthttp,,,,,0,SG,"AS45102 Alibaba (US) Technology Co., Ltd.",0
176.137.96.160,3000,3.15.22.167,WARN,GET,/,111.7.96.161,201,honeyaml::access-log,2025-03-15T11:50:40.148179Z,"Mozilla/5.0 (Macintosh; Intel Mac OS X 10_15_7) AppleWebKit/537.36 (KHTML, like Gecko) Chrome/96.0.4664.110 Safari/537.36",Mozilla/5.0,Intel Mac OS X 10_15_7,AppleWebKit/537.36,Macintosh,"malicious, malware",-12,CN,"AS9808 China Mobile Communications Group Co., Ltd.",0
83.230.123.106,3000,3.15.22.167,WARN,GET,/,172.105.128.12,201,honeyaml::access-log,2025-03-16T00:06:42.270507Z,"Mozilla/5.0 (Macintosh; Intel Mac OS X 13_1) AppleWebKit/537.36 (KHTML, like Gecko) Chrome/108.0.0.0 Safari/537.36",Mozilla/5.0,Intel Mac OS X 13_1,AppleWebKit/537.36,Macintosh,"malicious, phishing, malware",-6,US,AS63949 Akamai Connected Cloud,0
123.68.236.17,80,3.15.22.167,WARN,GET,/,139.59.17.206,201,honeyaml::access-log,2025-03-16T02:08:16.776846Z,Mozilla/5.0 (compatible),Mozilla/5.0,,,compatible,"malicious, malware",-1,IN,"AS14061 DigitalOcean, LLC",0
123.68.236.17,80,3.15.22.167,WARN,GET,/favicon.ico,139.59.17.206,201,honeyaml::access-log,2025-03-16T02:08:18.204856Z,Mozilla/5.0 (compatible),Mozilla/5.0,,,compatible,"malicious, malware",-1,IN,"AS14061 DigitalOcean, LLC",0
93.225.97.61,80,3.15.22.167,WARN,GET,/,165.227.94.50,201,honeyaml::access-log,2025-03-14T07:10:40.584659Z,Mozilla/5.0 (compatible),Mozilla/5.0,,,compatible,malware,0,US,"AS14061 DigitalOcean, LLC",0
93.225.97.61,80,3.15.22.167,WARN,GET,/favicon.ico,165.227.94.50,201,honeyaml::access-log,2025-03-14T07:10:40.622827Z,Mozilla/5.0 (compatible),Mozilla/5.0,,,compatible,malware,0,US,"AS14061 DigitalOcean, LLC",0
234.34.135.41,3000,3.15.22.167,WARN,GET,/,20.221.67.46,201,honeyaml::access-log,2025-03-14T09:15:22.223889Z,Mozilla/5.0 zgrab/0.x,Mozilla/5.0 zgrab/0.x,,,,"malware, malicious",0,US,AS8075 Microsoft Corporation,0
132.202.251.223,3000,3.15.22.167,WARN,GET,/,65.49.1.192,201,honeyaml::access-log,2025-03-14T09:24:06.287490Z,"Mozilla/5.0 (Windows NT 10.0; Win64; x64) AppleWebKit/537.36 (KHTML, like Gecko) Chrome/123.0.0.0 Safari/537.36",Mozilla/5.0,Win64,x64,Windows NT 10.0,"malicious, malware",0,US,AS6939 Hurricane Electric LLC,0
132.202.251.218,3000,3.15.22.167,WARN,GET,/favicon.ico,65.49.1.197,201,honeyaml::access-log,2025-03-14T09:24:57.092379Z,"Mozilla/5.0 (Windows NT 10.0; Win64; x64) AppleWebKit/537.36 (KHTML, like Gecko) Chrome/109.0.0.0 Safari/537.36",Mozilla/5.0,Win64,x64,Windows NT 10.0,"malicious, malware",0,US,AS6939 Hurricane Electric LLC,0
95.30.117.187,3000,3.15.22.167,WARN,GET,/,167.94.138.61,201,honeyaml::access-log,2025-03-14T10:33:55.859869Z,,,,,,"malicious, phishing, malware",-3,US,"AS398324 Censys, Inc.",0
95.30.117.187,3000,3.15.22.167,WARN,GET,/,167.94.138.61,201,honeyaml::access-log,2025-03-14T10:34:10.473261Z,Mozilla/5.0 (compatible; CensysInspect/1.1; +https://about.censys.io/),Mozilla/5.0,CensysInspect/1.1,+https://about.censys.io/,compatible,"malicious, phishing, malware",-3,US,"AS398324 Censys, Inc.",0
95.30.117.187,3000,3.15.22.167,WARN,GET,/favicon.ico,167.94.138.61,201,honeyaml::access-log,2025-03-14T10:34:32.801979Z,Mozilla/5.0 (compatible; CensysInspect/1.1; +https://about.censys.io/),Mozilla/5.0,CensysInspect/1.1,+https://about.censys.io/,compatible,"malicious, phishing, malware",-3,US,"AS398324 Censys, Inc.",0
119.7.63.147,3000,3.15.22.167,WARN,GET,/,128.199.63.144,201,honeyaml::access-log,2025-03-14T11:13:34.529179Z,"Mozilla/5.0 (Windows NT 10.0; Win64; x64) AppleWebKit/537.36 (KHTML, like Gecko) Chrome/108.0.0.0 Safari/537.36",Mozilla/5.0,Win64,x64,Windows NT 10.0,,0,NL,"AS14061 DigitalOcean, LLC",0
12.47.16.42,80,,WARN,GET,/,205.210.31.233,201,honeyaml::access-log,2025-03-14T19:19:23.796044Z,"Expanse, a Palo Alto Networks company, searches across the global IPv4 space multiple times per day to identify customers&#39; presences on the Internet. If you would like to be excluded from our scans, please send IP addresses/domains to: scaninfo@paloaltonetworks.com","Expanse, a Palo Alto Networks company, searches across the global IPv4 space multiple times per day to identify customers&#39",,,"presences on the Internet. If you would like to be excluded from our scans, please send IP addresses/domains to: scaninfo@paloaltonetworks.com","malicious, malware, phishing",-5,BR,AS396982 Google LLC,0
211.129.60.192,3000,3.15.22.167,WARN,GET,/,45.142.193.91,201,honeyaml::access-log,2025-03-14T19:30:07.345571Z,"Mozilla/5.0 (Macintosh; Intel Mac OS X 10_15_7) AppleWebKit/605.1.15 (KHTML, like Gecko) Version/17.5 Safari/605.8.19",Mozilla/5.0,Intel Mac OS X 10_15_7,AppleWebKit/605.1.15,Macintosh,"phishing, malicious, malware",-1,NL,AS214295 SKYNET NETWORK LTD,0
211.129.60.192,3000,3.15.22.167,WARN,GET,/favicon.ico,45.142.193.91,201,honeyaml::access-log,2025-03-14T19:30:07.524927Z,"Mozilla/5.0 (Macintosh; Intel Mac OS X 10_15_7) AppleWebKit/605.1.15 (KHTML, like Gecko) Version/17.5 Safari/605.8.19",Mozilla/5.0,Intel Mac OS X 10_15_7,AppleWebKit/605.1.15,Macintosh,"phishing, malicious, malware",-1,NL,AS214295 SKYNET NETWORK LTD,0
98.10.193.221,3000,3.15.22.167,WARN,GET,/,157.245.62.226,201,honeyaml::access-log,2025-03-15T02:07:02.062141Z,"Mozilla/5.0 (Windows NT 10.0; Win64; x64) AppleWebKit/537.36 (KHTML, like Gecko) Chrome/108.0.0.0 Safari/537.36",Mozilla/5.0,Win64,x64,Windows NT 10.0,,-1,SG,"AS14061 DigitalOcean, LLC",0
211.38.16.109,3000,3.15.22.167,WARN,GET,/,45.58.159.138,201,honeyaml::access-log,2025-04-09T06:43:14.277722Z,"Mozilla/5.0 (Windows NT 10.0; Win64; x64) AppleWebKit/537.36 (KHTML, like Gecko) Chrome/108.0.0.0 Safari/537.36",Mozilla/5.0,Win64,x64,Windows NT 10.0,malware,0,NL,AS46844 Sharktech,0
91.216.17.102,3000,3.15.22.167,WARN,GET,/,161.248.30.30,201,honeyaml::access-log,2025-04-09T08:23:06.517193Z,Mozilla/5.0 (Windows NT 10.0; Win64; x64),Mozilla/5.0,Win64,x64,Windows NT 10.0,,0,VN,AS45899 VNPT Corp,0
93.154.177.85,3000,3.15.22.167,WARN,GET,/,165.154.174.108,201,honeyaml::access-log,2025-04-09T09:35:33.497658Z,"Mozilla/5.0 (Macintosh; Intel Mac OS X 10_15_7) AppleWebKit/537.36 (KHTML, like Gecko) Chrome/120.0.0.0 Safari/537.36 Edg/120.0.0.0",Mozilla/5.0,Intel Mac OS X 10_15_7,AppleWebKit/537.36,Macintosh,"malicious, malware, phishing",-1,GB,AS135377 UCLOUD INFORMATION TECHNOLOGY (HK) LIMITED,0
93.154.177.85,3000,3.15.22.167,WARN,GET,/favicon.ico,165.154.174.108,201,honeyaml::access-log,2025-04-09T09:35:33.967947Z,"Mozilla/5.0 (Macintosh; Intel Mac OS X 10_7_0) AppleWebKit/535.11 (KHTML, like Gecko) Chrome/17.0.963.56 Safari/535.11",Mozilla/5.0,Intel Mac OS X 10_7_0,AppleWebKit/535.11,Macintosh,"malicious, malware, phishing",-1,GB,AS135377 UCLOUD INFORMATION TECHNOLOGY (HK) LIMITED,0
93.154.177.85,3000,3.15.22.167,WARN,GET,/robots.txt,165.154.174.108,201,honeyaml::access-log,2025-04-09T09:35:34.202420Z,"Mozilla/5.0 (Macintosh; Intel Mac OS X 10_7_0) AppleWebKit/535.11 (KHTML, like Gecko) Chrome/17.0.963.56 Safari/535.11",Mozilla/5.0,Intel Mac OS X 10_7_0,AppleWebKit/535.11,Macintosh,"malicious, malware, phishing",-1,GB,AS135377 UCLOUD INFORMATION TECHNOLOGY (HK) LIMITED,0
93.154.177.85,3000,3.15.22.167,WARN,GET,/sitemap.xml,165.154.174.108,201,honeyaml::access-log,2025-04-09T09:35:34.445249Z,"Mozilla/5.0 (Macintosh; Intel Mac OS X 10_7_0) AppleWebKit/535.11 (KHTML, like Gecko) Chrome/17.0.963.56 Safari/535.11",Mozilla/5.0,Intel Mac OS X 10_7_0,AppleWebKit/535.11,Macintosh,"malicious, malware, phishing",-1,GB,AS135377 UCLOUD INFORMATION TECHNOLOGY (HK) LIMITED,0
169.206.165.110,3000,3.15.22.167,WARN,GET,/,118.194.249.8,201,honeyaml::access-log,2025-04-09T16:54:21.914518Z,"Mozilla/5.0 (Macintosh; Intel Mac OS X 10_15_7) AppleWebKit/537.36 (KHTML, like Gecko) Chrome/120.0.0.0 Safari/537.36 Edg/120.0.0.0",Mozilla/5.0,Intel Mac OS X 10_15_7,AppleWebKit/537.36,Macintosh,"malicious, malware, phishing",-1,KR,AS135377 UCLOUD INFORMATION TECHNOLOGY (HK) LIMITED,0
169.206.165.110,3000,3.15.22.167,WARN,GET,/favicon.ico,118.194.249.8,201,honeyaml::access-log,2025-04-09T16:54:22.267981Z,"Mozilla/5.0 (Macintosh; Intel Mac OS X 10_7_0) AppleWebKit/535.11 (KHTML, like Gecko) Chrome/17.0.963.56 Safari/535.11",Mozilla/5.0,Intel Mac OS X 10_7_0,AppleWebKit/535.11,Macintosh,"malicious, malware, phishing",-1,KR,AS135377 UCLOUD INFORMATION TECHNOLOGY (HK) LIMITED,0
169.206.165.110,3000,3.15.22.167,WARN,GET,/robots.txt,118.194.249.8,201,honeyaml::access-log,2025-04-09T16:54:22.642849Z,"Mozilla/5.0 (Macintosh; Intel Mac OS X 10_7_0) AppleWebKit/535.11 (KHTML, like Gecko) Chrome/17.0.963.56 Safari/535.11",Mozilla/5.0,Intel Mac OS X 10_7_0,AppleWebKit/535.11,Macintosh,"malicious, malware, phishing",-1,KR,AS135377 UCLOUD INFORMATION TECHNOLOGY (HK) LIMITED,0
169.206.165.110,3000,3.15.22.167,WARN,GET,/sitemap.xml,118.194.249.8,201,honeyaml::access-log,2025-04-09T16:54:23.023767Z,"Mozilla/5.0 (Macintosh; Intel Mac OS X 10_7_0) AppleWebKit/535.11 (KHTML, like Gecko) Chrome/17.0.963.56 Safari/535.11",Mozilla/5.0,Intel Mac OS X 10_7_0,AppleWebKit/535.11,Macintosh,"malicious, malware, phishing",-1,KR,AS135377 UCLOUD INFORMATION TECHNOLOGY (HK) LIMITED,0
123.68.166.36,80,3.15.22.167,WARN,GET,/,139.59.82.196,201,honeyaml::access-log,2025-04-10T00:25:57.928121Z,Mozilla/5.0 (compatible),Mozilla/5.0,,,compatible,,0,IN,"AS14061 DigitalOcean, LLC",0
123.68.166.36,80,3.15.22.167,WARN,GET,/favicon.ico,139.59.82.196,201,honeyaml::access-log,2025-04-10T00:25:58.427304Z,Mozilla/5.0 (compatible),Mozilla/5.0,,,compatible,,0,IN,"AS14061 DigitalOcean, LLC",0
234.134.63.93,3000,3.15.22.167,WARN,GET,/,20.65.195.34,201,honeyaml::access-log,2025-04-10T00:34:30.534085Z,Mozilla/5.0 zgrab/0.x,Mozilla/5.0 zgrab/0.x,,,,"malware, malicious",0,US,AS8075 Microsoft Corporation,0
185.208.3.74,3000,3.15.22.167,WARN,GET,/,98.80.4.120,201,honeyaml::access-log,2025-04-10T02:09:39.591230Z,"Mozilla/5.0 (Windows NT 6.2;en-US) AppleWebKit/537.32.36 (KHTML, live Gecko) Chrome/57.0.3105.83 Safari/537.32",Mozilla/5.0,en-US,AppleWebKit/537.32.36,Windows NT 6.2,"malicious, malware",0,US,"AS14618 Amazon.com, Inc.",0
7.77.231.18,3000,3.15.22.167,WARN,GET,/,199.45.155.72,201,honeyaml::access-log,2025-03-13T04:34:02.269763Z,,,,,,"malicious, phishing, malware",-2,HK,"AS398722 Censys, Inc.",0
7.77.231.18,3000,3.15.22.167,WARN,GET,/,199.45.155.72,201,honeyaml::access-log,2025-03-13T04:34:06.569663Z,Mozilla/5.0 (compatible; CensysInspect/1.1; +https://about.censys.io/),Mozilla/5.0,CensysInspect/1.1,+https://about.censys.io/,compatible,"malicious, phishing, malware",-2,HK,"AS398722 Censys, Inc.",0
7.77.231.18,3000,3.15.22.167,WARN,GET,/favicon.ico,199.45.155.72,201,honeyaml::access-log,2025-03-13T04:34:11.143466Z,Mozilla/5.0 (compatible; CensysInspect/1.1; +https://about.censys.io/),Mozilla/5.0,CensysInspect/1.1,+https://about.censys.io/,compatible,"malicious, phishing, malware",-2,HK,"AS398722 Censys, Inc.",0
1.185.211.232,3000,3.15.22.167,WARN,GET,/,194.187.176.31,201,honeyaml::access-log,2025-03-13T05:11:38.735269Z,Mozilla/5.0 (Windows NT 10.0; Win64; x64; rv:65.0) Gecko/20100101 Firefox/65.0,Mozilla/5.0,Win64,x64,Windows NT 10.0,"malware, malicious",0,DE,AS208843 Alpha Strike Labs GmbH,0
1.185.211.68,3000,3.15.22.167,WARN,GET,/favicon.ico,194.187.176.187,201,honeyaml::access-log,2025-03-13T05:11:38.971305Z,Mozilla/5.0 (Windows NT 10.0; Win64; x64; rv:65.0) Gecko/20100101 Firefox/65.0,Mozilla/5.0,Win64,x64,Windows NT 10.0,"malicious, malware",0,DE,AS208843 Alpha Strike Labs GmbH,0
98.10.193.221,3000,3.15.22.167,WARN,GET,/,157.245.62.226,201,honeyaml::access-log,2025-03-13T05:15:10.935072Z,"Mozilla/5.0 (Windows NT 10.0; Win64; x64) AppleWebKit/537.36 (KHTML, like Gecko) Chrome/108.0.0.0 Safari/537.36",Mozilla/5.0,Win64,x64,Windows NT 10.0,,-1,SG,"AS14061 DigitalOcean, LLC",0
133.94.131.253,3000,3.15.22.167,WARN,GET,/,64.62.197.240,201,honeyaml::access-log,2025-03-13T08:23:22.007356Z,Mozilla/5.0 (X11; Linux x86_64; rv:102.0) Gecko/20100101 Firefox/102.0,Mozilla/5.0,Linux x86_64,rv:102.0,X11,"malicious, malware",-16,US,AS6939 Hurricane Electric LLC,0
133.94.131.228,3000,3.15.22.167,WARN,GET,/favicon.ico,64.62.197.229,201,honeyaml::access-log,2025-03-13T08:23:37.475069Z,Mozilla/5.0 (X11; OpenBSD amd64; rv:109.0) Gecko/20100101 Firefox/115.0,Mozilla/5.0,OpenBSD amd64,rv:109.0,X11,"malicious, malware",-1,US,AS6939 Hurricane Electric LLC,0
245.55.127.153,3000,3.15.22.167,WARN,GET,/,4.246.231.134,201,honeyaml::access-log,2025-03-13T08:48:52.432036Z,Mozilla/5.0 zgrab/0.x,Mozilla/5.0 zgrab/0.x,,,,"malware, malicious",0,US,AS8075 Microsoft Corporation,0
204.85.3.128,3000,3.15.22.167,WARN,GET,/,52.37.0.95,201,honeyaml::access-log,2025-03-13T23:55:47.091814Z,"Mozilla/5.0 (Macintosh; Intel Mac OS X 10_11_5) AppleWebKit/537.36 (KHTML, like Gecko) Chrome/50.0.2661.102 Safari/537.36",Mozilla/5.0,Intel Mac OS X 10_11_5,AppleWebKit/537.36,Macintosh,,0,US,"AS16509 Amazon.com, Inc.",0
169.182.29.51,3000,3.15.22.167,WARN,GET,/,118.166.28.49,201,honeyaml::access-log,2025-03-14T00:39:18.534469Z,"Mozilla/5.0 (Macintosh; Intel Mac OS X 10_15_3) AppleWebKit/537.36 (KHTML, like Gecko) Chrome/92.0.4515.107 Safari/537.36",Mozilla/5.0,Intel Mac OS X 10_15_3,AppleWebKit/537.36,Macintosh,,0,TW,AS3462 Data Communication Business Group,0
68.132.178.86,3000,3.15.22.167,WARN,GET,/,184.67.77.174,201,honeyaml::access-log,2025-03-14T00:47:44.670753Z,"Mozilla/5.0 (Macintosh; Intel Mac OS X 10_15_3) AppleWebKit/537.36 (KHTML, like Gecko) Chrome/92.0.4515.107 Safari/537.36",Mozilla/5.0,Intel Mac OS X 10_15_3,AppleWebKit/537.36,Macintosh,"malicious, malware",0,CA,AS6327 Shaw Communications Inc.,0
234.34.135.13,3000,3.15.22.167,WARN,GET,/,20.221.67.12,201,honeyaml::access-log,2025-04-08T06:13:44.199339Z,Mozilla/5.0 zgrab/0.x,Mozilla/5.0 zgrab/0.x,,,,"malicious, malware",0,US,AS8075 Microsoft Corporation,0
152.60.107.235,3000,3.15.22.167,WARN,GET,/,91.196.152.109,201,honeyaml::access-log,2025-04-08T18:39:57.320487Z,Mozilla/5.0 (X11; Ubuntu; Linux x86_64; rv:134.0) Gecko/20100101 Firefox/134.0,Mozilla/5.0,Ubuntu,Linux x86_64,X11,malicious,0,FR,AS213412 ONYPHE SAS,0
152.60.107.229,3000,3.15.22.167,WARN,GET,/favicon.ico,91.196.152.100,201,honeyaml::access-log,2025-04-08T18:46:12.743064Z,Mozilla/5.0 (X11; Ubuntu; Linux x86_64; rv:134.0) Gecko/20100101 Firefox/134.0,Mozilla/5.0,Ubuntu,Linux x86_64,X11,malicious,-1,FR,AS213412 ONYPHE SAS,0
6.251.21.30,80,,WARN,GET,/,198.235.24.226,201,honeyaml::access-log,2025-04-08T22:33:14.500889Z,"Expanse, a Palo Alto Networks company, searches across the global IPv4 space multiple times per day to identify customers&#39; presences on the Internet. If you would like to be excluded from our scans, please send IP addresses/domains to: scaninfo@paloaltonetworks.com","Expanse, a Palo Alto Networks company, searches across the global IPv4 space multiple times per day to identify customers&#39",,,"presences on the Internet. If you would like to be excluded from our scans, please send IP addresses/domains to: scaninfo@paloaltonetworks.com","malicious, malware, phishing",-2,BE,AS396982 Google LLC,0
132.202.251.165,3000,3.15.22.167,WARN,GET,/,65.49.1.164,201,honeyaml::access-log,2025-04-09T01:11:42.100478Z,"Mozilla/5.0 (Linux; Android 10; K) AppleWebKit/537.36 (KHTML, like Gecko) Chrome/122.0.0.0 Mobile Safari/537.36",Mozilla/5.0,Android 10,K,Linux,"malicious, malware",-1,US,AS6939 Hurricane Electric LLC,0
132.202.251.162,3000,3.15.22.167,WARN,GET,/favicon.ico,65.49.1.162,201,honeyaml::access-log,2025-04-09T01:12:36.124323Z,Mozilla/5.0 (Windows NT 10.0; rv:102.0) Gecko/20100101 Firefox/102.0,Mozilla/5.0,rv:102.0,Gecko/20100101 Firefox/102.0,Windows NT 10.0,"malicious, malware",-54,US,AS6939 Hurricane Electric LLC,1
234.110.199.56,3000,3.15.22.167,WARN,GET,/,20.150.199.91,201,honeyaml::access-log,2025-04-09T01:38:44.752649Z,Mozilla/5.0 zgrab/0.x,Mozilla/5.0 zgrab/0.x,,,,"malicious, malware",0,US,AS8075 Microsoft Corporation,0
238.160.12.17,3000,3.15.22.167,WARN,GET,/,18.190.253.238,201,honeyaml::access-log,2025-04-09T02:30:51.999049Z,Mozilla/5.0 (Macintosh; Intel Mac OS X 10_15_7) Chrome/126.0.0.0 Safari/537.36,Mozilla/5.0,Intel Mac OS X 10_15_7,Chrome/126.0.0.0 Safari/537.36,Macintosh,,0,US,"AS16509 Amazon.com, Inc.",0
238.160.12.17,3000,3.15.22.167,WARN,GET,/,18.190.253.238,201,honeyaml::access-log,2025-04-09T02:30:52.920210Z,Mozilla/5.0 (Macintosh; Intel Mac OS X 10_15_7) Chrome/126.0.0.0 Safari/537.36,Mozilla/5.0,Intel Mac OS X 10_15_7,Chrome/126.0.0.0 Safari/537.36,Macintosh,,0,US,"AS16509 Amazon.com, Inc.",0
83.88.58.53,3000,3.15.22.167,WARN,GET,/,172.171.245.245,201,honeyaml::access-log,2025-04-07T04:38:17.446869Z,Mozilla/5.0 zgrab/0.x,Mozilla/5.0 zgrab/0.x,,,,,0,US,AS8075 Microsoft Corporation,0
133.94.237.247,3000,3.15.22.167,WARN,GET,/,64.62.156.207,201,honeyaml::access-log,2025-04-07T05:36:02.343872Z,"Mozilla/5.0 (Macintosh; Intel Mac OS X 10_15_7) AppleWebKit/605.1.15 (KHTML, like Gecko) Version/17.1 Safari/605.1.15",Mozilla/5.0,Intel Mac OS X 10_15_7,AppleWebKit/605.1.15,Macintosh,"malicious, malware",-1,US,AS6939 Hurricane Electric LLC,0
133.94.237.246,3000,3.15.22.167,WARN,GET,/favicon.ico,64.62.156.206,201,honeyaml::access-log,2025-04-07T05:36:52.344775Z,"Mozilla/5.0 (Macintosh; Intel Mac OS X 10_15_7) AppleWebKit/605.1.15 (KHTML, like Gecko)",Mozilla/5.0,Intel Mac OS X 10_15_7,AppleWebKit/605.1.15,Macintosh,"malicious, malware",0,US,AS6939 Hurricane Electric LLC,0
12.47.16.136,80,,WARN,GET,/,205.210.31.15,201,honeyaml::access-log,2025-04-07T18:38:17.344345Z,"Expanse, a Palo Alto Networks company, searches across the global IPv4 space multiple times per day to identify customers&#39; presences on the Internet. If you would like to be excluded from our scans, please send IP addresses/domains to: scaninfo@paloaltonetworks.com","Expanse, a Palo Alto Networks company, searches across the global IPv4 space multiple times per day to identify customers&#39",,,"presences on the Internet. If you would like to be excluded from our scans, please send IP addresses/domains to: scaninfo@paloaltonetworks.com","malicious, phishing, malware",-56,US,AS396982 Google LLC,1
128.255.73.103,3000,3.15.22.167,WARN,GET,/,71.6.232.23,201,honeyaml::access-log,2025-04-08T02:33:31.853918Z,"Mozilla/5.0 (Windows NT 10.0; Win64; x64) AppleWebKit/537.36 (KHTML, like Gecko) Chrome/134.0.0.0 Safari/537.36",Mozilla/5.0,Win64,x64,Windows NT 10.0,"malicious, phishing, malware",-4,US,"AS10439 CariNet, Inc.",0
152.60.107.145,3000,3.15.22.167,WARN,GET,/,91.196.152.17,201,honeyaml::access-log,2025-04-06T15:19:01.104834Z,Mozilla/5.0 (X11; Ubuntu; Linux x86_64; rv:134.0) Gecko/20100101 Firefox/134.0,Mozilla/5.0,Ubuntu,Linux x86_64,X11,"malicious, malware",0,FR,AS213412 ONYPHE SAS,0
152.60.107.156,3000,3.15.22.167,WARN,GET,/favicon.ico,91.196.152.25,201,honeyaml::access-log,2025-04-06T15:25:09.003375Z,Mozilla/5.0 (X11; Ubuntu; Linux x86_64; rv:134.0) Gecko/20100101 Firefox/134.0,Mozilla/5.0,Ubuntu,Linux x86_64,X11,"malicious, malware",-1,FR,AS213412 ONYPHE SAS,0
6.251.21.100,3000,3.15.22.167,WARN,GET,/,198.235.24.148,201,honeyaml::access-log,2025-04-06T20:35:36.355482Z,"Expanse, a Palo Alto Networks company, searches across the global IPv4 space multiple times per day to identify customers&#39; presences on the Internet. If you would like to be excluded from our scans, please send IP addresses/domains to: scaninfo@paloaltonetworks.com","Expanse, a Palo Alto Networks company, searches across the global IPv4 space multiple times per day to identify customers&#39",,,"presences on the Internet. If you would like to be excluded from our scans, please send IP addresses/domains to: scaninfo@paloaltonetworks.com","malicious, malware, phishing",-3,BE,AS396982 Google LLC,0
12.47.16.105,80,,WARN,GET,/,205.210.31.153,201,honeyaml::access-log,2025-04-06T20:39:01.830820Z,"Expanse, a Palo Alto Networks company, searches across the global IPv4 space multiple times per day to identify customers&#39; presences on the Internet. If you would like to be excluded from our scans, please send IP addresses/domains to: scaninfo@paloaltonetworks.com","Expanse, a Palo Alto Networks company, searches across the global IPv4 space multiple times per day to identify customers&#39",,,"presences on the Internet. If you would like to be excluded from our scans, please send IP addresses/domains to: scaninfo@paloaltonetworks.com","malicious, malware, phishing",-57,BR,AS396982 Google LLC,1
6.251.21.3,80,,WARN,GET,/,198.235.24.243,201,honeyaml::access-log,2025-04-07T03:14:07.633413Z,"Expanse, a Palo Alto Networks company, searches across the global IPv4 space multiple times per day to identify customers&#39; presences on the Internet. If you would like to be excluded from our scans, please send IP addresses/domains to: scaninfo@paloaltonetworks.com","Expanse, a Palo Alto Networks company, searches across the global IPv4 space multiple times per day to identify customers&#39",,,"presences on the Internet. If you would like to be excluded from our scans, please send IP addresses/domains to: scaninfo@paloaltonetworks.com","malicious, phishing, malware",-55,BE,AS396982 Google LLC,1
7.77.230.60,3000,3.15.22.167,WARN,GET,/,199.45.154.125,201,honeyaml::access-log,2025-04-05T04:19:33.545811Z,,,,,,"malicious, malware, phishing",-2,HK,"AS398722 Censys, Inc.",0
7.77.230.60,3000,3.15.22.167,WARN,GET,/,199.45.154.125,201,honeyaml::access-log,2025-04-05T04:19:37.654737Z,Mozilla/5.0 (compatible; CensysInspect/1.1; +https://about.censys.io/),Mozilla/5.0,CensysInspect/1.1,+https://about.censys.io/,compatible,"malicious, malware, phishing",-2,HK,"AS398722 Censys, Inc.",0
7.77.230.60,3000,3.15.22.167,WARN,GET,/favicon.ico,199.45.154.125,201,honeyaml::access-log,2025-04-05T04:19:43.054498Z,Mozilla/5.0 (compatible; CensysInspect/1.1; +https://about.censys.io/),Mozilla/5.0,CensysInspect/1.1,+https://about.censys.io/,compatible,"malicious, malware, phishing",-2,HK,"AS398722 Censys, Inc.",0
130.168.104.141,3000,3.15.22.167,WARN,GET,/,68.183.235.125,201,honeyaml::access-log,2025-04-05T09:12:02.310367Z,"Mozilla/5.0 (Windows NT 10.0; Win64; x64) AppleWebKit/537.36 (KHTML, like Gecko) Chrome/108.0.0.0 Safari/537.36",Mozilla/5.0,Win64,x64,Windows NT 10.0,,0,SG,"AS14061 DigitalOcean, LLC",0
132.237.19.37,3000,3.15.22.167,WARN,GET,/.env,65.21.29.88,201,honeyaml::access-log,2025-04-05T11:51:55.074024Z,"Mozilla/5.0 (Windows NT 10.0; Win64; x64) AppleWebKit/537.36 (KHTML, like Gecko) Chrome/121.0 Safari/537.36",Mozilla/5.0,Win64,x64,Windows NT 10.0,,0,FI,AS24940 Hetzner Online GmbH,0
91.216.17.102,3000,3.15.22.167,WARN,GET,/,161.248.30.30,201,honeyaml::access-log,2025-04-05T12:09:33.804086Z,Mozilla/5.0 (Windows NT 10.0; Win64; x64),Mozilla/5.0,Win64,x64,Windows NT 10.0,,0,VN,AS45899 VNPT Corp,0
11.54.0.154,3000,3.15.22.167,WARN,GET,/,203.55.131.5,201,honeyaml::access-log,2025-04-05T18:36:59.232917Z,"Mozilla/5.0 (Windows NT 10.0; Win64; x64) AppleWebKit/537.36 (KHTML, like Gecko) Chrome/102.0.0.0 Safari/537.36",Mozilla/5.0,Win64,x64,Windows NT 10.0,"malicious, phishing, malware",-57,NL,AS50219 Valence Technology Co.,1
11.54.0.154,3000,3.15.22.167,WARN,GET,/favicon.ico,203.55.131.5,201,honeyaml::access-log,2025-04-05T18:37:22.556885Z,"Mozilla/5.0 (Windows NT 10.0; Win64; x64) AppleWebKit/537.36 (KHTML, like Gecko) Chrome/102.0.0.0 Safari/537.36",Mozilla/5.0,Win64,x64,Windows NT 10.0,"malicious, phishing, malware",-57,NL,AS50219 Valence Technology Co.,1
133.94.131.191,3000,3.15.22.167,WARN,GET,/,64.62.197.185,201,honeyaml::access-log,2025-04-06T01:40:02.956036Z,"Mozilla/5.0 (Windows NT 10.0; Win64; x64) AppleWebKit/537.36 (KHTML, like Gecko) Chrome/119.0.6045.160 Safari/537.36",Mozilla/5.0,Win64,x64,Windows NT 10.0,"malicious, malware, phishing",-3,US,AS6939 Hurricane Electric LLC,0
133.94.131.191,3000,3.15.22.167,WARN,GET,/favicon.ico,64.62.197.185,201,honeyaml::access-log,2025-04-06T01:40:17.106523Z,"Mozilla/5.0 (Windows NT 10.0; Win64; x64) AppleWebKit/537.36 (KHTML, like Gecko) Chrome/99.0.4844.51 Safari/537.36",Mozilla/5.0,Win64,x64,Windows NT 10.0,"malicious, malware, phishing",-3,US,AS6939 Hurricane Electric LLC,0
200.87.179.252,3000,3.15.22.167,WARN,GET,/,51.178.236.243,201,honeyaml::access-log,2025-04-04T10:58:28.121508Z,Mozilla/5.0 (X11; Ubuntu; Linux x86_64; rv:130.0) Gecko/20100101 Firefox/130.0,Mozilla/5.0,Ubuntu,Linux x86_64,X11,"phishing, malicious, malware",0,FR,AS16276 OVH SAS,0
152.60.107.72,3000,3.15.22.167,WARN,GET,/favicon.ico,91.196.152.183,201,honeyaml::access-log,2025-04-04T11:04:08.806269Z,Mozilla/5.0 (X11; Ubuntu; Linux x86_64; rv:130.0) Gecko/20100101 Firefox/130.0,Mozilla/5.0,Ubuntu,Linux x86_64,X11,"malicious, malware",0,FR,AS213412 ONYPHE SAS,0
6.251.21.98,80,,WARN,GET,/,198.235.24.146,201,honeyaml::access-log,2025-04-04T22:06:34.250809Z,"Expanse, a Palo Alto Networks company, searches across the global IPv4 space multiple times per day to identify customers&#39; presences on the Internet. If you would like to be excluded from our scans, please send IP addresses/domains to: scaninfo@paloaltonetworks.com","Expanse, a Palo Alto Networks company, searches across the global IPv4 space multiple times per day to identify customers&#39",,,"presences on the Internet. If you would like to be excluded from our scans, please send IP addresses/domains to: scaninfo@paloaltonetworks.com","malicious, phishing, malware",-5,BE,AS396982 Google LLC,0
234.134.61.95,3000,3.15.22.167,WARN,GET,/,20.65.192.67,201,honeyaml::access-log,2025-04-05T02:32:11.219933Z,Mozilla/5.0 zgrab/0.x,Mozilla/5.0 zgrab/0.x,,,,"malicious, malware",-3,US,AS8075 Microsoft Corporation,0
132.202.251.130,3000,3.15.22.167,WARN,GET,/,65.49.1.146,201,honeyaml::access-log,2025-04-03T10:14:20.393480Z,"Mozilla/5.0 (Windows NT 10.0; Win64; x64) AppleWebKit/537.36 (KHTML, like Gecko) Chrome/99.0.4844.51 Safari/537.36",Mozilla/5.0,Win64,x64,Windows NT 10.0,"malicious, malware",-1,US,AS6939 Hurricane Electric LLC,0
132.202.251.128,3000,3.15.22.167,WARN,GET,/favicon.ico,65.49.1.144,201,honeyaml::access-log,2025-04-03T10:15:12.092142Z,Mozilla/5.0 (Windows NT 10.0; Win64; x64; rv:83.0) Gecko/20100101 Firefox/83.0,Mozilla/5.0,Win64,x64,Windows NT 10.0,"malicious, malware",-2,US,AS6939 Hurricane Electric LLC,0
6.251.21.156,80,,WARN,GET,/,198.235.24.25,201,honeyaml::access-log,2025-04-03T21:10:12.230981Z,"Expanse, a Palo Alto Networks company, searches across the global IPv4 space multiple times per day to identify customers&#39; presences on the Internet. If you would like to be excluded from our scans, please send IP addresses/domains to: scaninfo@paloaltonetworks.com","Expanse, a Palo Alto Networks company, searches across the global IPv4 space multiple times per day to identify customers&#39",,,"presences on the Internet. If you would like to be excluded from our scans, please send IP addresses/domains to: scaninfo@paloaltonetworks.com","malware, phishing, malicious",-3,TW,AS396982 Google LLC,0
12.47.16.162,3000,3.15.22.167,WARN,GET,/,205.210.31.34,201,honeyaml::access-log,2025-04-03T21:21:10.797502Z,"Expanse, a Palo Alto Networks company, searches across the global IPv4 space multiple times per day to identify customers&#39; presences on the Internet. If you would like to be excluded from our scans, please send IP addresses/domains to: scaninfo@paloaltonetworks.com","Expanse, a Palo Alto Networks company, searches across the global IPv4 space multiple times per day to identify customers&#39",,,"presences on the Internet. If you would like to be excluded from our scans, please send IP addresses/domains to: scaninfo@paloaltonetworks.com","malicious, malware, phishing",-4,US,AS396982 Google LLC,0
234.226.216.10,3000,3.15.22.167,WARN,GET,/,20.29.35.212,201,honeyaml::access-log,2025-04-03T23:36:29.678986Z,Mozilla/5.0 zgrab/0.x,Mozilla/5.0 zgrab/0.x,,,,"malware, malicious",0,US,AS8075 Microsoft Corporation,0
