Anon Src IP,dest_port,start_time,end_time,duration,num_events,responses,actions,VT Labels,VT Reputation,Geo Location,ISP,Malicious_Flag
72.160.80.250,9100,2025-04-12T06:51:40.096233+00:00,2025-04-12T06:51:48.687805+00:00,8.591572,8,,open_conn; request; append; response; response; request; saving; close_conn,malware,0,CN,AS4837 CHINA UNICOM China169 Backbone,0
194.211.90.250,9100,2025-04-12T06:51:56.033815+00:00,2025-04-12T06:51:56.033815+00:00,0.0,1,,open_conn,,0,CN,AS4837 CHINA UNICOM China169 Backbone,0
73.135.158.141,9100,2025-04-12T06:52:05.640374+00:00,2025-04-12T06:52:05.640374+00:00,0.0,1,,open_conn,"malicious, malware, phishing",0,CN,AS4134 CHINANET-BACKBONE,0
164.95.151.57,9100,2025-04-12T06:52:14.146772+00:00,2025-04-12T06:52:21.910476+00:00,7.763704,3,,open_conn; request; close_conn,malware,0,CN,AS4837 CHINA UNICOM China169 Backbone,0
188.176.92.48,9100,2025-04-12T06:52:22.223535+00:00,2025-04-12T06:52:22.529936+00:00,0.306401,7,"Client requests status; b'@PJL INFO STATUS\r\nCODE=10001\r\nDISPLAY=""Ready""\r\nONLINE=True'",open_conn; request; request; response; response; request; close_conn,,0,CN,AS4837 CHINA UNICOM China169 Backbone,0
242.155.226.59,9100,2025-04-12T06:52:22.768070+00:00,2025-04-12T06:52:29.037907+00:00,6.269837,16,"Client requests status; b'@PJL INFO STATUS\r\nCODE=10001\r\nDISPLAY=""rdymsgarg""\r\nONLINE=True'; ID requested; b'@PJL INFO ID\r\nhp LaserJet 4200\r\n\x1b'",open_conn; request; request; response; request; response; response; request; request; response; response; request; cmd_unknown; response; request; close_conn,"malicious, malware",0,CN,AS4837 CHINA UNICOM China169 Backbone,0
133.94.237.132,9100,2025-04-12T07:54:57.388144+00:00,2025-04-12T07:54:57.388144+00:00,0.0,1,,open_conn,"malicious, malware",-1,US,AS6939 Hurricane Electric LLC,0
133.94.237.134,9100,2025-04-12T07:55:03.332813+00:00,2025-04-12T07:55:03.332813+00:00,0.0,1,,open_conn,"malicious, malware",-2,US,AS6939 Hurricane Electric LLC,0
240.117.11.223,9100,2025-04-12T08:11:23.971742+00:00,2025-04-12T08:11:23.971742+00:00,0.0,1,,open_conn,,0,US,"AS16509 Amazon.com, Inc.",0
252.194.88.49,9100,2025-04-12T08:48:40.216813+00:00,2025-04-12T08:48:40.216813+00:00,0.0,1,,open_conn,,0,US,"AS7018 AT&T Enterprises, LLC",0
180.155.203.78,9100,2025-04-12T10:06:01.617258+00:00,2025-04-12T10:08:01.719192+00:00,120.101934,2,,open_conn; close_conn,"malicious, malware",-4,US,AS14987 Rethem Hosting LLC,0
12.47.16.167,9100,2025-04-12T13:33:37.960452+00:00,2025-03-25T15:14:12.986767+00:00,-1549164.974,19,ID requested; b'@PJL INFO ID\r\nhp LaserJet 4200\r\n\x1b'; ID requested; b'@PJL INFO ID\r\nhp LaserJet 4200\r\n\x1b',open_conn; request; append; response; saving; request; response; response; receive; close_conn; request; append; response; saving; request; response; response; receive; close_conn,"malicious, malware, phishing",-4,US,AS396982 Google LLC,0
124.211.11.157,9100,2025-04-12T14:27:19.377098+00:00,2025-03-31T01:07:15.955718+00:00,-1084803.421,13,,open_conn; request; append; response; response; saving; close_conn; request; append; response; response; saving; close_conn,malicious,-1,LT,AS209605 UAB Host Baltic,0
15.27.107.244,9100,2025-04-12T18:24:01.146374+00:00,2025-04-12T18:24:29.996045+00:00,28.849671,14,"Client requests status; b'@PJL INFO STATUS\r\nCODE=10001\r\nDISPLAY=""Ready""\r\nONLINE=True'; ID requested; b'@PJL INFO ID\r\nhp LaserJet 4200\r\n\x1b'",open_conn; request; request; response; response; request; request; response; response; request; cmd_unknown; response; request; close_conn,"malicious, malware, phishing",-9,US,AS174 Cogent Communications,0
240.113.103.100,9100,2025-04-11T04:23:00.124609+00:00,2025-04-11T04:23:00.124609+00:00,0.0,1,,open_conn,,0,US,"AS16509 Amazon.com, Inc.",0
132.202.251.101,9100,2025-04-11T09:53:32.424921+00:00,2025-04-11T09:53:32.424921+00:00,0.0,1,,open_conn,"malicious, malware, phishing",-3,US,AS6939 Hurricane Electric LLC,0
132.202.251.96,9100,2025-04-11T09:53:38.600036+00:00,2025-04-11T09:53:38.600036+00:00,0.0,1,,open_conn,"malicious, phishing, malware",-1,US,AS6939 Hurricane Electric LLC,0
12.47.16.219,9100,2025-04-11T13:35:06.829597+00:00,2025-03-25T13:38:00.123800+00:00,-1468626.706,19,ID requested; b'@PJL INFO ID\r\nhp LaserJet 4200\r\n\x1b'; ID requested; b'@PJL INFO ID\r\nhp LaserJet 4200\r\n\x1b',open_conn; request; append; response; saving; request; response; response; receive; close_conn; request; append; response; saving; request; response; response; receive; close_conn,"malicious, phishing, malware",-3,US,AS396982 Google LLC,0
132.202.251.97,9100,2025-04-12T02:52:57.495260+00:00,2025-04-12T02:53:00.431895+00:00,2.936635,8,,open_conn; request; append; response; response; request; saving; close_conn,"malicious, malware, phishing",-2,US,AS6939 Hurricane Electric LLC,0
132.202.251.10,9100,2025-04-02T04:53:47.381642+00:00,2025-04-02T04:53:50.316736+00:00,2.935094,8,,open_conn; request; append; response; response; request; saving; close_conn,"malicious, malware, phishing",-4,US,AS6939 Hurricane Electric LLC,0
174.79.140.178,9100,2025-04-02T09:22:53.045330+00:00,2025-04-02T09:22:53.045330+00:00,0.0,1,,open_conn,malicious,-1,KR,AS4766 Korea Telecom,0
167.155.85.199,9100,2025-04-02T10:57:48.566645+00:00,2025-04-02T10:57:48.566645+00:00,0.0,1,,open_conn,"malicious, malware",0,KR,AS4766 Korea Telecom,0
93.173.13.169,9100,2025-04-02T11:49:19.025710+00:00,2025-04-02T11:49:19.025710+00:00,0.0,1,,open_conn,malicious,-1,SG,AS56300 MyRepublic Ltd.,0
6.251.21.234,9100,2025-04-02T13:34:29.485248+00:00,2025-03-30T13:35:16.329161+00:00,-259153.1561,19,ID requested; b'@PJL INFO ID\r\nhp LaserJet 4200\r\n\x1b'; ID requested; b'@PJL INFO ID\r\nhp LaserJet 4200\r\n\x1b',open_conn; request; append; response; saving; request; response; response; receive; close_conn; request; append; response; saving; request; response; response; receive; close_conn,"malicious, phishing, malware",-3,TW,AS396982 Google LLC,0
152.60.107.248,9100,2025-04-02T16:03:21.113879+00:00,2025-03-25T07:24:00.066119+00:00,-722361.0478,8,,open_conn; request; append; response; response; request; saving; close_conn,"malicious, malware",0,FR,AS213412 ONYPHE SAS,0
152.60.107.166,9100,2025-04-02T16:03:22.487703+00:00,2025-04-02T16:03:36.404758+00:00,13.917055,8,,open_conn; request; append; response; response; request; saving; close_conn,malicious,-1,FR,AS213412 ONYPHE SAS,0
162.27.89.119,9100,2025-04-02T16:21:04.403136+00:00,2025-04-02T16:21:04.403136+00:00,0.0,1,,open_conn,phishing,-1,TW,AS3462 Data Communication Business Group,0
173.174.237.178,9100,2025-04-02T20:20:00.445240+00:00,2025-04-02T20:20:00.445240+00:00,0.0,1,,open_conn,malicious,0,TW,AS3462 Data Communication Business Group,0
177.177.21.204,9100,2025-04-02T22:24:28.387878+00:00,2025-04-02T22:24:28.387878+00:00,0.0,1,,open_conn,malicious,0,TH,"AS131090 CAT TELECOM Public Company Ltd,CAT",0
180.202.163.188,9100,2025-04-03T00:27:49.506709+00:00,2025-04-03T00:29:49.582110+00:00,120.075401,2,,open_conn; close_conn,"malicious, malware, phishing",0,US,AS396982 Google LLC,0
180.202.163.188,9100,2025-04-03T00:29:49.582443+00:00,2025-04-03T00:29:49.582443+00:00,0.0,1,,open_conn,"malicious, malware, phishing",0,US,AS396982 Google LLC,0
180.202.163.188,9100,2025-04-03T00:29:49.584667+00:00,2025-04-03T00:29:49.587466+00:00,0.002799,8,,open_conn; request; append; response; response; request; saving; close_conn,"malicious, malware, phishing",0,US,AS396982 Google LLC,0
27.24.177.228,9100,2025-04-01T04:19:33.376923+00:00,2025-03-26T08:10:13.293001+00:00,-504560.0839,15,,open_conn; request; append; response; response; request; saving; close_conn; request; append; response; response; request; saving; close_conn,"malicious, malware, phishing",-12,US,AS6939 Hurricane Electric LLC,0
196.254.190.90,9100,2025-04-01T10:06:59.506882+00:00,2025-04-01T10:06:59.506882+00:00,0.0,1,,open_conn,,0,TW,AS3462 Data Communication Business Group,0
133.94.237.227,9100,2025-04-01T11:32:25.319638+00:00,2025-04-01T11:32:25.319638+00:00,0.0,1,,open_conn,"malicious, malware",-2,US,AS6939 Hurricane Electric LLC,0
133.94.237.232,9100,2025-04-01T11:32:45.002578+00:00,2025-04-01T11:32:45.002578+00:00,0.0,1,,open_conn,"malicious, malware",-2,US,AS6939 Hurricane Electric LLC,0
6.251.21.109,9100,2025-04-01T13:36:05.044677+00:00,2025-04-01T13:36:13.536873+00:00,8.492196,10,ID requested; b'@PJL INFO ID\r\nhp LaserJet 4200\r\n\x1b',open_conn; request; append; response; saving; request; response; response; receive; close_conn,"malicious, malware, phishing",-54,BE,AS396982 Google LLC,1
91.216.17.102,9100,2025-04-01T15:46:58.023540+00:00,2025-04-01T15:47:02.745839+00:00,4.722299,8,,open_conn; request; append; response; response; request; saving; close_conn,,0,VN,AS45899 VNPT Corp,0
91.216.17.102,9100,2025-04-01T15:47:03.216292+00:00,2025-03-21T00:53:32.245547+00:00,-1004010.971,22,,open_conn; request; append; response; response; request; saving; close_conn; request; append; response; response; request; saving; close_conn; request; append; response; response; request; saving; close_conn,,0,VN,AS45899 VNPT Corp,0
173.172.82.176,9100,2025-04-01T15:55:49.215853+00:00,2025-04-01T15:55:49.215853+00:00,0.0,1,,open_conn,malware,0,TW,AS3462 Data Communication Business Group,0
180.155.203.231,9100,2025-04-01T17:32:00.435779+00:00,2025-04-01T17:32:31.415381+00:00,30.979602,3,,open_conn; receive; close_conn,"malicious, malware, phishing",-2,US,AS14987 Rethem Hosting LLC,0
80.224.53.43,9100,2025-04-01T18:46:06.354944+00:00,2025-04-01T18:46:14.110988+00:00,7.756044,8,,open_conn; request; append; response; response; request; saving; close_conn,"malicious, malware",0,CN,AS4134 CHINANET-BACKBONE,0
73.135.158.137,9100,2025-04-01T18:46:15.500063+00:00,2025-04-01T18:46:22.140373+00:00,6.64031,8,,open_conn; request; append; response; response; request; saving; close_conn,"malicious, malware, phishing",0,CN,AS4134 CHINANET-BACKBONE,0
84.195.6.96,9100,2025-04-01T18:46:22.442456+00:00,2025-04-01T18:46:22.442456+00:00,0.0,1,,open_conn,,0,CN,AS4837 CHINA UNICOM China169 Backbone,0
176.210.165.156,9100,2025-04-01T18:46:30.957001+00:00,2025-04-01T18:46:30.957001+00:00,0.0,1,,open_conn,"malicious, malware",0,CN,AS4134 CHINANET-BACKBONE,0
80.224.53.166,9100,2025-04-01T18:46:32.172752+00:00,2025-04-01T18:46:32.922290+00:00,0.749538,3,,open_conn; request; close_conn,"malicious, malware",0,CN,AS4134 CHINANET-BACKBONE,0
219.100.244.61,9100,2025-04-01T18:46:41.585521+00:00,2025-04-01T18:46:42.695292+00:00,1.109771,7,"Client requests status; b'@PJL INFO STATUS\r\nCODE=10001\r\nDISPLAY=""Ready""\r\nONLINE=True'",open_conn; request; request; response; response; request; close_conn,,0,CN,AS4134 CHINANET-BACKBONE,0
197.90.55.131,9100,2025-04-01T18:46:42.695463+00:00,2025-04-01T18:46:48.962908+00:00,6.267445,16,"Client requests status; b'@PJL INFO STATUS\r\nCODE=10001\r\nDISPLAY=""rdymsgarg""\r\nONLINE=True'; ID requested; b'@PJL INFO ID\r\nhp LaserJet 4200\r\n\x1b'",open_conn; request; request; response; request; response; response; request; request; response; response; request; cmd_unknown; response; request; close_conn,"malicious, malware",0,CN,AS4134 CHINANET-BACKBONE,0
238.217.54.168,9100,2025-04-01T22:46:03.337615+00:00,2025-04-01T22:46:13.337372+00:00,9.999757,8,,open_conn; request; append; response; response; request; saving; close_conn,malware,0,US,"AS16509 Amazon.com, Inc.",0
238.217.54.168,9100,2025-04-01T22:46:13.337497+00:00,2025-04-01T22:46:13.537985+00:00,0.200488,8,,open_conn; request; append; response; response; request; saving; close_conn,malware,0,US,"AS16509 Amazon.com, Inc.",0
238.217.54.168,9100,2025-04-01T22:46:55.801102+00:00,2025-04-01T22:46:55.803118+00:00,0.002016,3,,open_conn; request; close_conn,malware,0,US,"AS16509 Amazon.com, Inc.",0
238.217.54.168,9100,2025-04-01T22:50:02.892820+00:00,2025-04-01T22:50:02.892820+00:00,0.0,1,,open_conn,malware,0,US,"AS16509 Amazon.com, Inc.",0
238.217.54.168,9100,2025-04-01T22:53:16.785044+00:00,2025-04-01T22:53:26.785972+00:00,10.000928,8,,open_conn; request; append; response; response; request; saving; close_conn,malware,0,US,"AS16509 Amazon.com, Inc.",0
238.217.54.168,9100,2025-04-01T22:53:45.304906+00:00,2025-04-01T22:53:45.304906+00:00,0.0,1,,open_conn,malware,0,US,"AS16509 Amazon.com, Inc.",0
133.94.237.49,9100,2025-04-02T02:16:45.667372+00:00,2025-04-02T02:16:45.667372+00:00,0.0,1,,open_conn,"malicious, malware, phishing",-3,US,AS6939 Hurricane Electric LLC,0
133.94.237.57,9100,2025-04-02T02:16:49.245610+00:00,2025-04-02T02:16:49.245610+00:00,0.0,1,,open_conn,"malicious, malware, phishing",-3,US,AS6939 Hurricane Electric LLC,0
133.94.131.156,9100,2025-03-31T04:57:11.329590+00:00,2025-03-31T04:57:14.260056+00:00,2.930466,8,,open_conn; request; append; response; response; request; saving; close_conn,"malicious, malware",-3,US,AS6939 Hurricane Electric LLC,0
69.180.141.5,9100,2025-03-31T07:01:24.826598+00:00,2025-03-31T07:01:29.863816+00:00,5.037218,13,"Client requests status; b'@PJL INFO STATUS\r\nCODE=10001\r\nDISPLAY=""Ready""\r\nONLINE=True'; ID requested; b'@PJL INFO ID\r\nhp LaserJet 4200\r\n\x1b'",open_conn; request; append; response; saving; request; response; request; response; cmd_unknown; response; request; close_conn,"malicious, phishing, malware",-1,US,AS21859 Zenlayer Inc,0
99.34.63.240,9100,2025-03-31T07:07:08.590535+00:00,2025-03-31T07:07:08.590535+00:00,0.0,1,,open_conn,,0,NL,AS984 OCTOPUS WEB SOLUTION INC,0
133.94.131.37,9100,2025-03-31T12:04:36.506254+00:00,2025-03-31T12:04:36.506254+00:00,0.0,1,,open_conn,"malicious, malware, phishing",-1,US,AS6939 Hurricane Electric LLC,0
195.85.102.16,9100,2025-03-31T13:55:16.917165+00:00,2025-03-31T13:55:16.917165+00:00,0.0,1,,open_conn,malicious,0,MY,AS4788 TM TECHNOLOGY SERVICES SDN. BHD.,0
176.23.212.208,9100,2025-04-01T01:13:15.150564+00:00,2025-04-01T01:13:15.150564+00:00,0.0,1,,open_conn,,0,TW,AS3462 Data Communication Business Group,0
108.90.123.232,9100,2025-04-01T02:43:38.671336+00:00,2025-04-01T02:43:45.449148+00:00,6.777812,10,ID requested; b'@PJL INFO ID\r\nhp LaserJet 4200\r\n\x1b',open_conn; request; append; response; saving; request; response; response; receive; close_conn,"malicious, malware, phishing",-3,US,AS396982 Google LLC,0
68.185.216.32,9100,2025-03-30T08:19:23.303230+00:00,2025-03-30T08:19:23.303230+00:00,0.0,1,,open_conn,"malicious, phishing, malware",-1,US,AS6939 Hurricane Electric LLC,0
68.185.216.8,9100,2025-03-30T08:19:25.596998+00:00,2025-03-30T08:19:25.596998+00:00,0.0,1,,open_conn,"malicious, malware, phishing",-2,US,AS6939 Hurricane Electric LLC,0
196.151.17.32,9100,2025-03-30T12:44:49.018734+00:00,2025-03-30T12:44:49.018734+00:00,0.0,1,,open_conn,"malware, malicious",0,KR,AS4766 Korea Telecom,0
170.182.135.62,9100,2025-03-30T12:52:50.684404+00:00,2025-03-30T12:52:50.954172+00:00,0.269768,7,ID requested; b'@PJL INFO ID\r\nhp LaserJet 4200\r\n\x1b',open_conn; request; request; response; response; request; close_conn,malware,0,CN,AS4837 CHINA UNICOM China169 Backbone,0
6.251.21.234,9100,2025-03-30T13:35:14.544811+00:00,2025-03-30T13:35:14.544811+00:00,0.0,1,,open_conn,"malicious, phishing, malware",-3,TW,AS396982 Google LLC,0
29.215.221.128,9100,2025-03-30T13:43:12.439736+00:00,2025-03-30T13:43:12.439736+00:00,0.0,1,,open_conn,"malware, malicious",-2,KR,AS4766 Korea Telecom,0
93.154.135.113,9100,2025-03-30T15:55:54.505521+00:00,2025-03-30T15:56:00.506467+00:00,6.000946,3,,open_conn; request; close_conn,"malicious, phishing",-1,US,AS135377 UCLOUD INFORMATION TECHNOLOGY (HK) LIMITED,0
93.154.135.113,9100,2025-03-30T15:56:02.580134+00:00,2025-03-30T15:56:09.580992+00:00,7.000858,8,,open_conn; request; append; response; response; request; saving; close_conn,"malicious, phishing",-1,US,AS135377 UCLOUD INFORMATION TECHNOLOGY (HK) LIMITED,0
93.154.135.113,9100,2025-03-30T15:56:11.640339+00:00,2025-03-30T15:56:12.345606+00:00,0.705267,10,ID requested; b'@PJL INFO ID\r\nhp LaserJet 4200\r\n\x1b',open_conn; request; append; response; saving; request; response; response; request; close_conn,"malicious, phishing",-1,US,AS135377 UCLOUD INFORMATION TECHNOLOGY (HK) LIMITED,0
101.20.115.167,9100,2025-03-30T17:54:58.634792+00:00,2025-03-30T17:55:08.432889+00:00,9.798097,8,,open_conn; request; append; response; response; request; saving; close_conn,"malware, phishing, malicious",0,HK,AS9465 AGOTOZ PTE. LTD.,0
101.20.115.167,9100,2025-03-30T17:55:09.635196+00:00,2025-03-30T17:55:18.433120+00:00,8.797924,8,,open_conn; request; append; response; response; request; saving; close_conn,"malware, phishing, malicious",0,HK,AS9465 AGOTOZ PTE. LTD.,0
101.20.115.167,9100,2025-03-30T17:55:18.635321+00:00,2025-03-30T17:55:18.635321+00:00,0.0,1,,open_conn,"malware, phishing, malicious",0,HK,AS9465 AGOTOZ PTE. LTD.,0
101.20.115.167,9100,2025-03-30T17:55:19.029104+00:00,2025-03-30T17:55:19.029104+00:00,0.0,1,,open_conn,"malware, phishing, malicious",0,HK,AS9465 AGOTOZ PTE. LTD.,0
101.20.115.167,9100,2025-03-30T17:55:19.435912+00:00,2025-03-30T17:55:19.435912+00:00,0.0,1,,open_conn,"malware, phishing, malicious",0,HK,AS9465 AGOTOZ PTE. LTD.,0
101.20.115.167,9100,2025-03-30T17:55:20.512293+00:00,2025-03-30T17:55:30.308207+00:00,9.795914,3,,open_conn; request; close_conn,"malware, phishing, malicious",0,HK,AS9465 AGOTOZ PTE. LTD.,0
101.20.115.167,9100,2025-03-30T17:55:30.496357+00:00,2025-03-30T17:55:30.694381+00:00,0.198024,7,"Client requests status; b'@PJL INFO STATUS\r\nCODE=10001\r\nDISPLAY=""Ready""\r\nONLINE=True'",open_conn; request; request; response; response; request; close_conn,"malware, phishing, malicious",0,HK,AS9465 AGOTOZ PTE. LTD.,0
101.20.115.167,9100,2025-03-30T17:55:30.903291+00:00,2025-03-30T17:55:37.108887+00:00,6.205596,16,"Client requests status; b'@PJL INFO STATUS\r\nCODE=10001\r\nDISPLAY=""rdymsgarg""\r\nONLINE=True'; ID requested; b'@PJL INFO ID\r\nhp LaserJet 4200\r\n\x1b'",open_conn; request; request; response; request; response; response; request; request; response; response; request; cmd_unknown; response; request; close_conn,"malware, phishing, malicious",0,HK,AS9465 AGOTOZ PTE. LTD.,0
29.112.100.228,9100,2025-03-30T21:15:47.643667+00:00,2025-03-30T21:15:47.643667+00:00,0.0,1,,open_conn,malware,-1,TW,AS3462 Data Communication Business Group,0
124.211.11.157,9100,2025-03-31T01:05:15.853998+00:00,2025-03-31T01:05:15.853998+00:00,0.0,1,,open_conn,malicious,-1,LT,AS209605 UAB Host Baltic,0
149.214.189.8,9100,2025-03-31T02:40:12.302827+00:00,2025-03-31T02:42:12.405035+00:00,120.102208,2,,open_conn; close_conn,"malicious, malware",0,IT,AS3269 Telecom Italia S.p.A.,0
173.174.130.107,9100,2025-03-31T03:07:08.767369+00:00,2025-03-31T03:07:08.767369+00:00,0.0,1,,open_conn,malware,0,TW,AS3462 Data Communication Business Group,0
29.114.162.147,9100,2025-03-31T03:10:47.901480+00:00,2025-03-31T03:10:47.901480+00:00,0.0,1,,open_conn,,-2,TW,AS3462 Data Communication Business Group,0
173.174.147.156,9100,2025-03-31T03:35:50.925243+00:00,2025-03-31T03:35:50.925243+00:00,0.0,1,,open_conn,"phishing, malicious",-1,TW,AS3462 Data Communication Business Group,0
68.185.216.27,9100,2025-03-29T03:51:01.888978+00:00,2025-03-29T03:51:04.833743+00:00,2.944765,8,,open_conn; request; append; response; response; request; saving; close_conn,"malicious, phishing, malware",-68,US,AS6939 Hurricane Electric LLC,1
137.104.47.87,9100,2025-03-29T05:21:13.704559+00:00,2025-03-29T05:21:13.704559+00:00,0.0,1,,open_conn,"malicious, malware, phishing",-1,US,AS6939 Hurricane Electric LLC,0
137.104.47.108,9100,2025-03-29T05:21:16.847993+00:00,2025-03-29T05:21:16.847993+00:00,0.0,1,,open_conn,"malicious, malware, phishing",-2,US,AS6939 Hurricane Electric LLC,0
12.47.16.234,9100,2025-03-29T13:32:46.790212+00:00,2025-03-29T13:32:48.534241+00:00,1.744029,10,ID requested; b'@PJL INFO ID\r\nhp LaserJet 4200\r\n\x1b',open_conn; request; append; response; saving; request; response; response; receive; close_conn,"malicious, malware",-2,US,AS396982 Google LLC,0
122.116.210.180,9100,2025-03-30T01:51:37.022306+00:00,2025-03-30T01:51:38.522032+00:00,1.499726,3,,open_conn; request; close_conn,"malicious, malware",0,US,"AS14061 DigitalOcean, LLC",0
122.116.210.180,9100,2025-03-30T01:51:38.587838+00:00,2025-03-30T01:51:38.589445+00:00,0.001607,3,,open_conn; request; close_conn,"malicious, malware",0,US,"AS14061 DigitalOcean, LLC",0
122.116.210.180,9100,2025-03-30T01:51:38.722279+00:00,2025-03-30T01:51:40.223465+00:00,1.501186,8,,open_conn; request; append; response; response; request; saving; close_conn,"malicious, malware",0,US,"AS14061 DigitalOcean, LLC",0
122.116.210.180,9100,2025-03-30T01:51:40.286337+00:00,2025-03-30T01:51:41.787096+00:00,1.500759,8,,open_conn; request; append; response; response; request; saving; close_conn,"malicious, malware",0,US,"AS14061 DigitalOcean, LLC",0
122.116.210.180,9100,2025-03-30T01:51:41.849391+00:00,2025-03-30T01:51:43.361474+00:00,1.512083,8,,open_conn; request; append; response; response; request; saving; close_conn,"malicious, malware",0,US,"AS14061 DigitalOcean, LLC",0
122.116.210.180,9100,2025-03-30T01:51:43.425817+00:00,2025-03-30T01:51:43.425817+00:00,0.0,1,,open_conn,"malicious, malware",0,US,"AS14061 DigitalOcean, LLC",0
122.116.210.180,9100,2025-03-30T01:51:43.554686+00:00,2025-03-30T01:51:45.056648+00:00,1.501962,8,,open_conn; request; append; response; response; request; saving; close_conn,"malicious, malware",0,US,"AS14061 DigitalOcean, LLC",0
122.116.210.180,9100,2025-03-30T01:51:45.115066+00:00,2025-03-30T01:51:46.616135+00:00,1.501069,8,,open_conn; request; append; response; response; request; saving; close_conn,"malicious, malware",0,US,"AS14061 DigitalOcean, LLC",0
122.116.210.180,9100,2025-03-30T01:51:46.677136+00:00,2025-03-30T01:51:48.177446+00:00,1.50031,8,,open_conn; request; append; response; response; request; saving; close_conn,"malicious, malware",0,US,"AS14061 DigitalOcean, LLC",0
122.116.210.180,9100,2025-03-30T01:51:49.261525+00:00,2025-03-30T01:51:49.261525+00:00,0.0,1,,open_conn,"malicious, malware",0,US,"AS14061 DigitalOcean, LLC",0
122.116.210.180,9100,2025-03-30T01:51:49.384775+00:00,2025-03-30T01:51:49.384775+00:00,0.0,1,,open_conn,"malicious, malware",0,US,"AS14061 DigitalOcean, LLC",0
122.116.210.180,9100,2025-03-30T01:51:49.513049+00:00,2025-03-30T01:51:49.513049+00:00,0.0,1,,open_conn,"malicious, malware",0,US,"AS14061 DigitalOcean, LLC",0
122.116.210.180,9100,2025-03-30T01:51:49.642859+00:00,2025-03-30T01:51:49.642859+00:00,0.0,1,,open_conn,"malicious, malware",0,US,"AS14061 DigitalOcean, LLC",0
122.116.210.180,9100,2025-03-30T01:51:49.771333+00:00,2025-03-30T01:51:49.771333+00:00,0.0,1,,open_conn,"malicious, malware",0,US,"AS14061 DigitalOcean, LLC",0
122.116.210.180,9100,2025-03-30T01:51:49.895510+00:00,2025-03-30T01:51:51.397047+00:00,1.501537,8,,open_conn; request; append; response; response; request; saving; close_conn,"malicious, malware",0,US,"AS14061 DigitalOcean, LLC",0
122.116.210.180,9100,2025-03-30T01:51:51.461235+00:00,2025-03-30T01:51:52.963627+00:00,1.502392,8,,open_conn; request; append; response; response; request; saving; close_conn,"malicious, malware",0,US,"AS14061 DigitalOcean, LLC",0
122.116.210.180,9100,2025-03-30T01:51:53.021269+00:00,2025-03-30T01:51:54.523217+00:00,1.501948,8,,open_conn; request; append; response; response; request; saving; close_conn,"malicious, malware",0,US,"AS14061 DigitalOcean, LLC",0
122.116.210.180,9100,2025-03-30T01:51:54.588359+00:00,2025-03-30T01:51:54.588359+00:00,0.0,1,,open_conn,"malicious, malware",0,US,"AS14061 DigitalOcean, LLC",0
122.116.210.180,9100,2025-03-30T01:51:54.720174+00:00,2025-03-30T01:51:54.720174+00:00,0.0,1,,open_conn,"malicious, malware",0,US,"AS14061 DigitalOcean, LLC",0
122.116.210.180,9100,2025-03-30T01:51:54.848549+00:00,2025-03-30T01:51:56.350307+00:00,1.501758,8,,open_conn; request; append; response; response; request; saving; close_conn,"malicious, malware",0,US,"AS14061 DigitalOcean, LLC",0
122.116.210.180,9100,2025-03-30T01:51:56.414352+00:00,2025-03-30T01:51:57.915497+00:00,1.501145,8,,open_conn; request; append; response; response; request; saving; close_conn,"malicious, malware",0,US,"AS14061 DigitalOcean, LLC",0
122.116.210.180,9100,2025-03-30T01:51:57.978123+00:00,2025-03-30T01:51:57.978123+00:00,0.0,1,,open_conn,"malicious, malware",0,US,"AS14061 DigitalOcean, LLC",0
122.116.210.180,9100,2025-03-30T01:51:58.105688+00:00,2025-03-30T01:51:58.105688+00:00,0.0,1,,open_conn,"malicious, malware",0,US,"AS14061 DigitalOcean, LLC",0
122.116.210.180,9100,2025-03-30T01:51:58.230598+00:00,2025-03-30T01:51:59.730892+00:00,1.500294,8,,open_conn; request; append; response; response; request; saving; close_conn,"malicious, malware",0,US,"AS14061 DigitalOcean, LLC",0
122.116.210.180,9100,2025-03-30T01:51:59.796160+00:00,2025-03-30T01:52:01.296447+00:00,1.500287,8,,open_conn; request; append; response; response; request; saving; close_conn,"malicious, malware",0,US,"AS14061 DigitalOcean, LLC",0
122.116.210.180,9100,2025-03-30T01:52:01.354563+00:00,2025-03-30T01:52:01.354563+00:00,0.0,1,,open_conn,"malicious, malware",0,US,"AS14061 DigitalOcean, LLC",0
122.116.210.180,9100,2025-03-30T01:52:01.486414+00:00,2025-03-30T01:52:01.486414+00:00,0.0,1,,open_conn,"malicious, malware",0,US,"AS14061 DigitalOcean, LLC",0
122.116.210.180,9100,2025-03-30T01:52:01.615060+00:00,2025-03-30T01:52:01.615060+00:00,0.0,1,,open_conn,"malicious, malware",0,US,"AS14061 DigitalOcean, LLC",0
122.116.210.180,9100,2025-03-30T01:52:01.744703+00:00,2025-03-30T01:52:03.245231+00:00,1.500528,8,,open_conn; request; append; response; response; request; saving; close_conn,"malicious, malware",0,US,"AS14061 DigitalOcean, LLC",0
122.116.210.180,9100,2025-03-30T01:52:03.307917+00:00,2025-03-30T01:52:04.813028+00:00,1.505111,8,,open_conn; request; append; response; response; request; saving; close_conn,"malicious, malware",0,US,"AS14061 DigitalOcean, LLC",0
122.116.210.180,9100,2025-03-30T01:52:04.875865+00:00,2025-03-30T01:52:04.875865+00:00,0.0,1,,open_conn,"malicious, malware",0,US,"AS14061 DigitalOcean, LLC",0
122.116.210.180,9100,2025-03-30T01:52:05.019556+00:00,2025-03-30T01:52:05.019556+00:00,0.0,1,,open_conn,"malicious, malware",0,US,"AS14061 DigitalOcean, LLC",0
122.116.210.180,9100,2025-03-30T01:52:05.149953+00:00,2025-03-30T01:52:05.149953+00:00,0.0,1,,open_conn,"malicious, malware",0,US,"AS14061 DigitalOcean, LLC",0
122.116.210.180,9100,2025-03-30T01:52:05.278432+00:00,2025-03-30T01:52:06.779953+00:00,1.501521,8,,open_conn; request; append; response; response; request; saving; close_conn,"malicious, malware",0,US,"AS14061 DigitalOcean, LLC",0
122.116.210.180,9100,2025-03-30T01:52:06.842332+00:00,2025-03-30T01:52:06.842332+00:00,0.0,1,,open_conn,"malicious, malware",0,US,"AS14061 DigitalOcean, LLC",0
122.116.210.180,9100,2025-03-30T01:52:06.971776+00:00,2025-03-30T01:52:06.971776+00:00,0.0,1,,open_conn,"malicious, malware",0,US,"AS14061 DigitalOcean, LLC",0
122.116.210.180,9100,2025-03-30T01:52:07.102327+00:00,2025-03-30T01:52:07.102327+00:00,0.0,1,,open_conn,"malicious, malware",0,US,"AS14061 DigitalOcean, LLC",0
122.116.210.180,9100,2025-03-30T01:52:07.230346+00:00,2025-03-30T01:52:08.731826+00:00,1.50148,8,,open_conn; request; append; response; response; request; saving; close_conn,"malicious, malware",0,US,"AS14061 DigitalOcean, LLC",0
122.116.210.180,9100,2025-03-30T01:52:08.801687+00:00,2025-03-30T01:52:10.308603+00:00,1.506916,8,,open_conn; request; append; response; response; request; saving; close_conn,"malicious, malware",0,US,"AS14061 DigitalOcean, LLC",0
6.251.21.34,9100,2025-03-30T02:39:00.219550+00:00,2025-03-30T02:39:04.283566+00:00,4.064016,10,ID requested; b'@PJL INFO ID\r\nhp LaserJet 4200\r\n\x1b',open_conn; request; append; response; saving; request; response; response; receive; close_conn,"malicious, malware, phishing",-55,BE,AS396982 Google LLC,1
133.94.237.27,9100,2025-03-30T03:08:03.412326+00:00,2025-03-30T03:08:06.342921+00:00,2.930595,8,,open_conn; request; append; response; response; request; saving; close_conn,"malicious, malware, phishing",-4,US,AS6939 Hurricane Electric LLC,0
68.185.136.220,9100,2025-03-28T06:46:37.429137+00:00,2025-03-28T06:46:37.429137+00:00,0.0,1,,open_conn,"malicious, malware",-11,US,AS6939 Hurricane Electric LLC,0
68.185.136.224,9100,2025-03-28T06:46:40.058469+00:00,2025-03-28T06:46:40.058469+00:00,0.0,1,,open_conn,"malicious, phishing, malware",5,US,AS6939 Hurricane Electric LLC,0
6.251.21.72,9100,2025-03-28T10:02:39.252048+00:00,2025-03-28T10:02:39.352356+00:00,0.100308,10,ID requested; b'@PJL INFO ID\r\nhp LaserJet 4200\r\n\x1b',open_conn; request; append; response; saving; request; response; response; receive; close_conn,"malicious, malware, phishing",-4,BE,AS396982 Google LLC,0
132.202.251.8,9100,2025-03-28T12:36:08.953749+00:00,2025-03-28T12:36:11.891789+00:00,2.93804,8,,open_conn; request; append; response; response; request; saving; close_conn,"malicious, malware, phishing",-4,US,AS6939 Hurricane Electric LLC,0
12.47.16.156,9100,2025-03-28T13:39:53.271427+00:00,2025-03-28T13:39:56.780656+00:00,3.509229,10,ID requested; b'@PJL INFO ID\r\nhp LaserJet 4200\r\n\x1b',open_conn; request; append; response; saving; request; response; response; receive; close_conn,"malicious, malware, phishing",-54,US,AS396982 Google LLC,1
69.244.66.176,9100,2025-03-28T21:22:34.665750+00:00,2025-03-28T21:22:42.581375+00:00,7.915625,8,,open_conn; request; append; response; response; request; saving; close_conn,"malicious, phishing",-1,NL,AS21859 Zenlayer Inc,0
91.216.17.102,9100,2025-03-28T21:32:14.271935+00:00,2025-03-28T21:32:14.271935+00:00,0.0,1,,open_conn,,0,VN,AS45899 VNPT Corp,0
91.216.17.102,9100,2025-03-28T21:32:19.278197+00:00,2025-03-28T21:32:19.278197+00:00,0.0,1,,open_conn,,0,VN,AS45899 VNPT Corp,0
6.251.21.231,9100,2025-03-29T02:32:07.823315+00:00,2025-03-29T02:32:11.690565+00:00,3.86725,10,ID requested; b'@PJL INFO ID\r\nhp LaserJet 4200\r\n\x1b',open_conn; request; append; response; saving; request; response; response; receive; close_conn,"phishing, malicious, malware",-5,TW,AS396982 Google LLC,0
180.155.203.236,9100,2025-03-27T09:22:21.562541+00:00,2025-03-27T09:22:52.550445+00:00,30.987904,3,,open_conn; receive; close_conn,"malicious, malware, phishing",-5,US,AS14987 Rethem Hosting LLC,0
12.47.16.56,9100,2025-03-27T13:37:04.648156+00:00,2025-03-27T13:37:08.706415+00:00,4.058259,10,ID requested; b'@PJL INFO ID\r\nhp LaserJet 4200\r\n\x1b',open_conn; request; append; response; saving; request; response; response; receive; close_conn,"phishing, malicious, malware",-3,BR,AS396982 Google LLC,0
101.20.115.230,9100,2025-03-27T17:25:22.776859+00:00,2025-03-27T17:25:32.575635+00:00,9.798776,8,,open_conn; request; append; response; response; request; saving; close_conn,"malware, phishing, malicious",-1,HK,AS9465 AGOTOZ PTE. LTD.,0
101.20.115.230,9100,2025-03-27T17:25:32.782621+00:00,2025-03-27T17:25:42.581255+00:00,9.798634,8,,open_conn; request; append; response; response; request; saving; close_conn,"malware, phishing, malicious",-1,HK,AS9465 AGOTOZ PTE. LTD.,0
101.20.115.230,9100,2025-03-27T17:25:43.772308+00:00,2025-03-27T17:25:43.772308+00:00,0.0,1,,open_conn,"malware, phishing, malicious",-1,HK,AS9465 AGOTOZ PTE. LTD.,0
101.20.115.230,9100,2025-03-27T17:25:44.190672+00:00,2025-03-27T17:25:44.190672+00:00,0.0,1,,open_conn,"malware, phishing, malicious",-1,HK,AS9465 AGOTOZ PTE. LTD.,0
101.20.115.230,9100,2025-03-27T17:25:44.601547+00:00,2025-03-27T17:25:44.601547+00:00,0.0,1,,open_conn,"malware, phishing, malicious",-1,HK,AS9465 AGOTOZ PTE. LTD.,0
101.20.115.230,9100,2025-03-27T17:25:45.672425+00:00,2025-03-27T17:25:45.674505+00:00,0.00208,3,,open_conn; request; close_conn,"malware, phishing, malicious",-1,HK,AS9465 AGOTOZ PTE. LTD.,0
101.20.115.230,9100,2025-03-27T17:25:47.902714+00:00,2025-03-27T17:25:55.675880+00:00,7.773166,3,,open_conn; request; close_conn,"malware, phishing, malicious",-1,HK,AS9465 AGOTOZ PTE. LTD.,0
101.20.115.230,9100,2025-03-27T17:25:55.876717+00:00,2025-03-27T17:25:56.080927+00:00,0.20421,7,"Client requests status; b'@PJL INFO STATUS\r\nCODE=10001\r\nDISPLAY=""Ready""\r\nONLINE=True'",open_conn; request; request; response; response; request; close_conn,"malware, phishing, malicious",-1,HK,AS9465 AGOTOZ PTE. LTD.,0
101.20.115.230,9100,2025-03-27T17:25:56.283111+00:00,2025-03-27T17:26:02.492609+00:00,6.209498,16,"Client requests status; b'@PJL INFO STATUS\r\nCODE=10001\r\nDISPLAY=""rdymsgarg""\r\nONLINE=True'; ID requested; b'@PJL INFO ID\r\nhp LaserJet 4200\r\n\x1b'",open_conn; request; request; response; request; response; response; request; request; response; response; request; cmd_unknown; response; request; close_conn,"malware, phishing, malicious",-1,HK,AS9465 AGOTOZ PTE. LTD.,0
138.73.157.75,9100,2025-03-27T23:37:38.481485+00:00,2025-03-27T23:37:38.481485+00:00,0.0,1,,open_conn,,0,US,"AS7922 Comcast Cable Communications, LLC",0
240.113.103.100,9100,2025-03-28T02:23:27.686449+00:00,2025-03-28T02:23:27.686449+00:00,0.0,1,,open_conn,,0,US,"AS16509 Amazon.com, Inc.",0
6.251.21.59,9100,2025-03-28T02:33:13.813720+00:00,2025-03-28T02:33:19.476195+00:00,5.662475,10,ID requested; b'@PJL INFO ID\r\nhp LaserJet 4200\r\n\x1b',open_conn; request; append; response; saving; request; response; response; receive; close_conn,"malware, phishing, malicious",-5,BE,AS396982 Google LLC,0
128.255.1.233,9100,2025-03-26T05:56:47.535530+00:00,2025-03-26T05:56:47.535530+00:00,0.0,1,,open_conn,"malicious, malware, phishing",-4,US,"AS10439 CariNet, Inc.",0
128.255.1.233,9100,2025-03-26T06:12:08.112750+00:00,2025-03-26T06:12:18.053222+00:00,9.940472,8,,open_conn; request; append; response; response; request; saving; close_conn,"malicious, malware, phishing",-4,US,"AS10439 CariNet, Inc.",0
128.255.1.233,9100,2025-03-26T06:27:34.022322+00:00,2025-03-26T06:29:34.237370+00:00,120.215048,13,"Client requests status; b'@PJL INFO STATUS\r\nCODE=10001\r\nDISPLAY=""Ready""\r\nONLINE=True'; ID requested; b'@PJL INFO ID\r\nhp LaserJet 4200\r\n\x1b'",open_conn; request; request; response; response; request; request; response; response; request; cmd_unknown; response; close_conn,"malicious, malware, phishing",-4,US,"AS10439 CariNet, Inc.",0
27.24.177.228,9100,2025-03-26T08:10:10.350463+00:00,2025-03-26T08:10:10.350463+00:00,0.0,1,,open_conn,"malicious, malware, phishing",-12,US,AS6939 Hurricane Electric LLC,0
68.185.136.198,9100,2025-03-26T09:59:31.728099+00:00,2025-03-26T09:59:31.728099+00:00,0.0,1,,open_conn,"malicious, malware",-1,US,AS6939 Hurricane Electric LLC,0
68.185.136.201,9100,2025-03-26T09:59:36.647036+00:00,2025-03-26T09:59:36.647036+00:00,0.0,1,,open_conn,"malicious, phishing, malware",0,US,AS6939 Hurricane Electric LLC,0
12.47.16.5,9100,2025-03-26T13:34:20.627392+00:00,2025-03-26T13:34:28.329192+00:00,7.7018,10,ID requested; b'@PJL INFO ID\r\nhp LaserJet 4200\r\n\x1b',open_conn; request; append; response; saving; request; response; response; receive; close_conn,"malicious, phishing, malware",-3,BR,AS396982 Google LLC,0
228.55.141.25,9100,2025-03-26T22:56:33.357264+00:00,2025-03-26T22:56:33.357264+00:00,0.0,1,,open_conn,"malware, malicious",0,US,AS11426 Charter Communications Inc,0
27.24.177.196,9100,2025-03-27T00:18:37.288265+00:00,2025-03-27T00:18:37.288265+00:00,0.0,1,,open_conn,"malicious, malware",0,US,AS6939 Hurricane Electric LLC,0
27.24.177.250,9100,2025-03-27T00:18:39.665029+00:00,2025-03-27T00:18:39.665029+00:00,0.0,1,,open_conn,"malicious, malware",-1,US,AS6939 Hurricane Electric LLC,0
152.60.107.163,9100,2025-03-25T07:23:46.651975+00:00,2025-03-25T07:23:46.651975+00:00,0.0,1,,open_conn,"malicious, malware",0,FR,AS213412 ONYPHE SAS,0
152.60.107.248,9100,2025-03-25T07:23:47.063538+00:00,2025-03-25T07:23:47.063538+00:00,0.0,1,,open_conn,"malicious, malware",0,FR,AS213412 ONYPHE SAS,0
187.15.81.57,9100,2025-03-25T08:11:18.938892+00:00,2025-03-25T08:11:18.938892+00:00,0.0,1,,open_conn,,0,US,"AS33363 Charter Communications, Inc",0
240.117.11.223,9100,2025-03-25T08:12:40.568243+00:00,2025-03-25T08:12:40.568243+00:00,0.0,1,,open_conn,,0,US,"AS16509 Amazon.com, Inc.",0
132.202.251.135,9100,2025-03-25T12:17:35.248223+00:00,2025-03-25T12:17:35.248223+00:00,0.0,1,,open_conn,"malicious, malware",-3,US,AS6939 Hurricane Electric LLC,0
132.202.251.131,9100,2025-03-25T12:17:53.001841+00:00,2025-03-25T12:17:53.001841+00:00,0.0,1,,open_conn,"malicious, malware",-2,US,AS6939 Hurricane Electric LLC,0
12.47.16.219,9100,2025-03-25T13:37:52.465002+00:00,2025-03-25T13:37:52.465002+00:00,0.0,1,,open_conn,"malicious, phishing, malware",-3,US,AS396982 Google LLC,0
12.47.16.167,9100,2025-03-25T15:14:12.961507+00:00,2025-03-25T15:14:12.961507+00:00,0.0,1,,open_conn,"malicious, malware, phishing",-4,US,AS396982 Google LLC,0
12.47.16.17,9100,2025-03-26T02:37:03.915405+00:00,2025-03-26T02:37:04.271775+00:00,0.35637,10,ID requested; b'@PJL INFO ID\r\nhp LaserJet 4200\r\n\x1b',open_conn; request; append; response; saving; request; response; response; receive; close_conn,"malicious, phishing, malware",-3,BR,AS396982 Google LLC,0
133.94.237.145,9100,2025-03-24T12:42:08.260676+00:00,2025-03-24T12:42:08.260676+00:00,0.0,1,,open_conn,"malicious, malware",-1,US,AS6939 Hurricane Electric LLC,0
133.94.237.145,9100,2025-03-24T12:42:10.689520+00:00,2025-03-24T12:42:10.689520+00:00,0.0,1,,open_conn,"malicious, malware",-1,US,AS6939 Hurricane Electric LLC,0
152.60.107.67,9100,2025-03-25T00:12:27.607377+00:00,2025-03-25T00:12:27.607377+00:00,0.0,1,,open_conn,"malicious, malware",-1,FR,AS213412 ONYPHE SAS,0
152.60.107.39,9100,2025-03-25T00:12:28.878455+00:00,2025-03-25T00:12:42.233966+00:00,13.355511,8,,open_conn; request; append; response; response; request; saving; close_conn,"malicious, malware",-1,FR,AS213412 ONYPHE SAS,0
91.216.17.102,9100,2025-03-25T01:36:24.710915+00:00,2025-03-25T01:36:24.710915+00:00,0.0,1,,open_conn,,0,VN,AS45899 VNPT Corp,0
91.216.17.102,9100,2025-03-25T01:36:29.715916+00:00,2025-03-25T01:36:29.715916+00:00,0.0,1,,open_conn,,0,VN,AS45899 VNPT Corp,0
6.251.21.43,9100,2025-03-25T02:31:58.392995+00:00,2025-03-25T02:32:07.326009+00:00,8.933014,10,ID requested; b'@PJL INFO ID\r\nhp LaserJet 4200\r\n\x1b',open_conn; request; append; response; saving; request; response; response; receive; close_conn,"malicious, phishing, malware",-5,BE,AS396982 Google LLC,0
208.38.162.95,9100,2025-03-25T02:38:23.707110+00:00,2025-03-25T02:38:23.707110+00:00,0.0,1,,open_conn,"malicious, malware",-1,US,"AS45102 Alibaba (US) Technology Co., Ltd.",0
208.38.162.95,9100,2025-03-25T02:38:34.112623+00:00,2025-03-25T02:38:37.114173+00:00,3.00155,8,,open_conn; request; append; response; response; receive; saving; close_conn,"malicious, malware",-1,US,"AS45102 Alibaba (US) Technology Co., Ltd.",0
208.38.162.95,9100,2025-03-25T02:38:47.194528+00:00,2025-03-25T02:38:47.194528+00:00,0.0,1,,open_conn,"malicious, malware",-1,US,"AS45102 Alibaba (US) Technology Co., Ltd.",0
208.38.162.95,9100,2025-03-25T02:38:57.349674+00:00,2025-03-25T02:39:00.355525+00:00,3.005851,7,"Client requests status; b'@PJL INFO STATUS\r\nCODE=10001\r\nDISPLAY=""Ready""\r\nONLINE=True'",open_conn; request; request; response; response; receive; close_conn,"malicious, malware",-1,US,"AS45102 Alibaba (US) Technology Co., Ltd.",0
133.94.237.43,9100,2025-04-10T04:22:25.759669+00:00,2025-04-10T04:22:28.701255+00:00,2.941586,8,,open_conn; request; append; response; response; request; saving; close_conn,"malicious, malware, phishing",-4,US,AS6939 Hurricane Electric LLC,0
20.115.197.44,9100,2025-04-10T04:43:40.899182+00:00,2025-04-10T04:43:40.899182+00:00,0.0,1,,open_conn,malware,-1,CA,AS855 Bell Canada,0
133.94.131.230,9100,2025-04-10T05:13:25.981699+00:00,2025-04-10T05:13:25.981699+00:00,0.0,1,,open_conn,"malicious, malware",-4,US,AS6939 Hurricane Electric LLC,0
133.94.131.228,9100,2025-04-10T05:13:28.318060+00:00,2025-04-10T05:13:28.318060+00:00,0.0,1,,open_conn,"malicious, malware",-1,US,AS6939 Hurricane Electric LLC,0
128.255.29.130,9100,2025-04-10T08:38:35.940497+00:00,2025-04-10T08:38:42.893630+00:00,6.953133,14,"Client requests status; b'@PJL INFO STATUS\r\nCODE=10001\r\nDISPLAY=""Ready""\r\nONLINE=True'; ID requested; b'@PJL INFO ID\r\nhp LaserJet 4200\r\n\x1b'",open_conn; request; request; response; response; request; request; response; response; request; cmd_unknown; response; request; close_conn,"malicious, phishing, malware",-64,US,"AS10439 CariNet, Inc.",1
209.45.141.219,9100,2025-04-10T13:10:50.583870+00:00,2025-04-10T13:10:50.597395+00:00,0.013525,13,,open_conn; request; append; response; saving; cmd_unknown; cmd_unknown; cmd_unknown; cmd_unknown; cmd_unknown; response; request; close_conn,,0,RU,AS198044 ECOSYSTEM Ltd,0
196.136.116.65,9100,2025-04-11T01:08:01.009341+00:00,2025-04-11T01:08:01.009341+00:00,0.0,1,,open_conn,malicious,0,KR,AS4766 Korea Telecom,0
12.47.16.144,9100,2025-03-23T13:31:48.511609+00:00,2025-03-23T13:31:51.896411+00:00,3.384802,10,ID requested; b'@PJL INFO ID\r\nhp LaserJet 4200\r\n\x1b',open_conn; request; append; response; saving; request; response; response; receive; close_conn,"malicious, malware, phishing",-56,US,AS396982 Google LLC,1
188.219.106.62,9100,2025-03-22T06:01:06.382092+00:00,2025-03-22T06:01:12.383324+00:00,6.001232,3,,open_conn; request; close_conn,"malicious, phishing, malware",-52,HK,AS135377 UCLOUD INFORMATION TECHNOLOGY (HK) LIMITED,1
188.219.106.62,9100,2025-03-22T06:01:14.616128+00:00,2025-03-22T06:01:21.616506+00:00,7.000378,8,,open_conn; request; append; response; response; request; saving; close_conn,"malicious, phishing, malware",-52,HK,AS135377 UCLOUD INFORMATION TECHNOLOGY (HK) LIMITED,1
188.219.106.62,9100,2025-03-22T06:01:23.829915+00:00,2025-03-22T06:01:24.750620+00:00,0.920705,10,ID requested; b'@PJL INFO ID\r\nhp LaserJet 4200\r\n\x1b',open_conn; request; append; response; saving; request; response; response; request; close_conn,"malicious, phishing, malware",-52,HK,AS135377 UCLOUD INFORMATION TECHNOLOGY (HK) LIMITED,1
12.47.16.136,9100,2025-03-22T13:33:04.428081+00:00,2025-03-22T13:33:09.684013+00:00,5.255932,10,ID requested; b'@PJL INFO ID\r\nhp LaserJet 4200\r\n\x1b',open_conn; request; append; response; saving; request; response; response; receive; close_conn,"malicious, phishing, malware",-56,US,AS396982 Google LLC,1
149.213.83.112,9100,2025-03-22T14:55:49.623918+00:00,2025-03-22T14:57:49.726055+00:00,120.102137,2,,open_conn; close_conn,,0,IT,AS3269 Telecom Italia S.p.A.,0
12.47.16.11,9100,2025-03-23T02:36:31.477269+00:00,2025-03-23T02:36:33.637566+00:00,2.160297,10,ID requested; b'@PJL INFO ID\r\nhp LaserJet 4200\r\n\x1b',open_conn; request; append; response; saving; request; response; response; receive; close_conn,"malicious, phishing, malware",-5,BR,AS396982 Google LLC,0
150.208.186.109,9100,2025-03-23T03:25:06.638919+00:00,2025-03-23T03:25:16.640565+00:00,10.001646,8,,open_conn; request; append; response; response; request; saving; close_conn,phishing,0,NL,AS202425 IP Volume inc,0
150.208.186.109,9100,2025-03-23T03:25:17.731979+00:00,2025-03-21T10:14:29.462296+00:00,-148248.2697,101,,open_conn; request; append; response; response; request; saving; close_conn; request; append; response; response; request; saving; close_conn; request; append; response; response; request; saving; close_conn; request; append; response; response; request; saving; close_conn; request; append; response; response; request; saving; close_conn; request; append; response; response; request; saving; close_conn; request; append; response; response; request; saving; close_conn; request; append; response; response; request; saving; close_conn; request; append; response; response; request; saving; close_conn; request; append; response; response; request; saving; close_conn; request; append; response; response; request; saving; close_conn; request; append; response; response; request; saving; close_conn; request; append; response; response; request; saving; close_conn; request; append; response; response; request; saving; close_conn; request; close_conn,phishing,0,NL,AS202425 IP Volume inc,0
132.202.251.215,9100,2025-03-21T04:21:09.198220+00:00,2025-03-21T04:21:12.142257+00:00,2.944037,8,,open_conn; request; append; response; response; request; saving; close_conn,"malicious, malware",-3,US,AS6939 Hurricane Electric LLC,0
133.94.237.113,9100,2025-03-21T05:11:56.503762+00:00,2025-03-21T05:11:56.503762+00:00,0.0,1,,open_conn,"malicious, malware, phishing",-2,US,AS6939 Hurricane Electric LLC,0
133.94.237.115,9100,2025-03-21T05:11:59.996521+00:00,2025-03-21T05:11:59.996521+00:00,0.0,1,,open_conn,"malicious, malware, phishing",-4,US,AS6939 Hurricane Electric LLC,0
189.2.181.92,9100,2025-03-21T09:45:23.481652+00:00,2025-03-21T09:45:23.481652+00:00,0.0,1,,open_conn,,0,US,AS701 Verizon Business,0
150.208.186.109,9100,2025-03-21T10:13:54.140152+00:00,2025-03-21T10:13:54.140152+00:00,0.0,1,,open_conn,phishing,0,NL,AS202425 IP Volume inc,0
150.208.186.109,9100,2025-03-21T10:14:06.362939+00:00,2025-03-21T10:14:06.362939+00:00,0.0,1,,open_conn,phishing,0,NL,AS202425 IP Volume inc,0
150.208.186.109,9100,2025-03-21T10:14:08.835916+00:00,2025-03-21T10:14:08.835916+00:00,0.0,1,,open_conn,phishing,0,NL,AS202425 IP Volume inc,0
150.208.186.109,9100,2025-03-21T10:14:10.227376+00:00,2025-03-21T10:14:10.227376+00:00,0.0,1,,open_conn,phishing,0,NL,AS202425 IP Volume inc,0
150.208.186.109,9100,2025-03-21T10:14:10.372404+00:00,2025-03-21T10:14:10.372404+00:00,0.0,1,,open_conn,phishing,0,NL,AS202425 IP Volume inc,0
150.208.186.109,9100,2025-03-21T10:14:10.943987+00:00,2025-03-21T10:14:10.943987+00:00,0.0,1,,open_conn,phishing,0,NL,AS202425 IP Volume inc,0
150.208.186.109,9100,2025-03-21T10:14:10.946449+00:00,2025-03-21T10:14:10.946449+00:00,0.0,1,,open_conn,phishing,0,NL,AS202425 IP Volume inc,0
150.208.186.109,9100,2025-03-21T10:14:11.753670+00:00,2025-03-21T10:14:11.753670+00:00,0.0,1,,open_conn,phishing,0,NL,AS202425 IP Volume inc,0
150.208.186.109,9100,2025-03-21T10:14:23.239264+00:00,2025-03-21T10:14:23.239264+00:00,0.0,1,,open_conn,phishing,0,NL,AS202425 IP Volume inc,0
150.208.186.109,9100,2025-03-21T10:14:26.281554+00:00,2025-03-21T10:14:26.281554+00:00,0.0,1,,open_conn,phishing,0,NL,AS202425 IP Volume inc,0
150.208.186.109,9100,2025-03-21T10:14:26.283608+00:00,2025-03-21T10:14:26.283608+00:00,0.0,1,,open_conn,phishing,0,NL,AS202425 IP Volume inc,0
150.208.186.109,9100,2025-03-21T10:14:28.084127+00:00,2025-03-21T10:14:28.084127+00:00,0.0,1,,open_conn,phishing,0,NL,AS202425 IP Volume inc,0
150.208.186.109,9100,2025-03-21T10:14:28.353050+00:00,2025-03-21T10:14:28.353050+00:00,0.0,1,,open_conn,phishing,0,NL,AS202425 IP Volume inc,0
150.208.186.109,9100,2025-03-21T10:14:29.460166+00:00,2025-03-21T10:14:29.460166+00:00,0.0,1,,open_conn,phishing,0,NL,AS202425 IP Volume inc,0
180.155.203.234,9100,2025-03-22T01:08:15.363174+00:00,2025-03-22T01:10:15.460927+00:00,120.097753,2,,open_conn; close_conn,"malicious, malware, phishing",-2,US,AS14987 Rethem Hosting LLC,0
132.202.251.46,9100,2025-03-22T01:40:36.352649+00:00,2025-03-22T01:40:36.352649+00:00,0.0,1,,open_conn,"malicious, malware, phishing",-3,US,AS6939 Hurricane Electric LLC,0
132.202.251.61,9100,2025-03-22T01:40:41.271862+00:00,2025-03-22T01:40:41.271862+00:00,0.0,1,,open_conn,"malicious, malware, phishing",-4,US,AS6939 Hurricane Electric LLC,0
12.47.16.74,9100,2025-03-22T02:30:20.069881+00:00,2025-03-22T02:30:27.783049+00:00,7.713168,10,ID requested; b'@PJL INFO ID\r\nhp LaserJet 4200\r\n\x1b',open_conn; request; append; response; saving; request; response; response; receive; close_conn,"malicious, phishing, malware",-7,BR,AS396982 Google LLC,0
204.113.78.137,9100,2025-03-20T04:37:05.137810+00:00,2025-03-20T04:37:05.137810+00:00,0.0,1,,open_conn,"malware, malicious",0,US,"AS16509 Amazon.com, Inc.",0
204.113.78.137,9100,2025-03-20T04:37:07.223407+00:00,2025-03-20T04:37:17.222872+00:00,9.999465,8,,open_conn; request; append; response; response; request; saving; close_conn,"malware, malicious",0,US,"AS16509 Amazon.com, Inc.",0
204.113.78.137,9100,2025-03-20T04:37:17.223066+00:00,2025-03-20T04:37:17.780387+00:00,0.557321,8,,open_conn; request; append; response; response; request; saving; close_conn,"malware, malicious",0,US,"AS16509 Amazon.com, Inc.",0
204.113.78.137,9100,2025-03-20T04:37:17.780548+00:00,2025-03-20T04:37:17.780548+00:00,0.0,1,,open_conn,"malware, malicious",0,US,"AS16509 Amazon.com, Inc.",0
204.113.78.137,9100,2025-03-20T04:37:28.126623+00:00,2025-03-20T04:37:38.127148+00:00,10.000525,8,,open_conn; request; append; response; response; request; saving; close_conn,"malware, malicious",0,US,"AS16509 Amazon.com, Inc.",0
204.113.78.137,9100,2025-03-20T04:38:04.255365+00:00,2025-03-20T04:38:04.257150+00:00,0.001785,3,,open_conn; request; close_conn,"malware, malicious",0,US,"AS16509 Amazon.com, Inc.",0
84.243.10.16,9100,2025-03-20T05:37:06.828761+00:00,2025-03-20T05:37:14.565719+00:00,7.736958,8,,open_conn; request; append; response; response; request; saving; close_conn,malware,0,CN,AS4134 CHINANET-BACKBONE,0
162.248.228.34,9100,2025-03-20T05:37:15.904171+00:00,2025-03-20T05:37:22.566107+00:00,6.661936,8,,open_conn; request; append; response; response; request; saving; close_conn,,0,CN,AS4134 CHINANET-BACKBONE,0
203.118.144.217,9100,2025-03-20T05:37:22.921815+00:00,2025-03-20T05:37:22.921815+00:00,0.0,1,,open_conn,"malware, malicious",0,CN,AS4134 CHINANET-BACKBONE,0
28.63.37.9,9100,2025-03-20T05:37:23.477354+00:00,2025-03-20T05:37:23.477354+00:00,0.0,1,,open_conn,"malicious, phishing",0,CN,AS4837 CHINA UNICOM China169 Backbone,0
75.224.49.112,9100,2025-03-20T05:37:23.999211+00:00,2025-03-20T05:37:23.999211+00:00,0.0,1,,open_conn,,0,CN,AS4837 CHINA UNICOM China169 Backbone,0
164.53.83.156,9100,2025-03-20T05:37:24.516581+00:00,2025-03-20T05:37:24.518310+00:00,0.001729,3,,open_conn; request; close_conn,"malicious, malware",0,CN,AS4134 CHINANET-BACKBONE,0
176.210.165.115,9100,2025-03-20T05:37:24.802770+00:00,2025-03-20T05:37:32.527052+00:00,7.724282,3,,open_conn; request; close_conn,"malicious, malware",0,CN,AS4134 CHINANET-BACKBONE,0
84.244.9.234,9100,2025-03-20T05:37:32.826371+00:00,2025-03-20T05:37:33.108162+00:00,0.281791,7,"Client requests status; b'@PJL INFO STATUS\r\nCODE=10001\r\nDISPLAY=""Ready""\r\nONLINE=True'",open_conn; request; request; response; response; request; close_conn,,0,CN,AS4134 CHINANET-BACKBONE,0
242.155.226.197,9100,2025-03-20T05:37:33.289153+00:00,2025-03-20T05:37:39.510971+00:00,6.221818,16,"Client requests status; b'@PJL INFO STATUS\r\nCODE=10001\r\nDISPLAY=""rdymsgarg""\r\nONLINE=True'; ID requested; b'@PJL INFO ID\r\nhp LaserJet 4200\r\n\x1b'",open_conn; request; request; response; request; response; response; request; request; response; response; request; cmd_unknown; response; request; close_conn,"malware, malicious",0,CN,AS4837 CHINA UNICOM China169 Backbone,0
173.174.151.133,9100,2025-03-20T05:57:22.728457+00:00,2025-03-20T05:57:22.728457+00:00,0.0,1,,open_conn,"malware, malicious",-1,TW,AS3462 Data Communication Business Group,0
169.102.36.98,9100,2025-03-20T07:50:42.114479+00:00,2025-03-20T07:50:49.913021+00:00,7.798542,8,,open_conn; request; append; response; response; request; saving; close_conn,"malware, malicious",0,HK,AS135377 UCLOUD INFORMATION TECHNOLOGY (HK) LIMITED,0
169.102.36.98,9100,2025-03-20T07:50:50.125898+00:00,2025-03-20T07:50:57.919178+00:00,7.79328,8,,open_conn; request; append; response; response; request; saving; close_conn,"malware, malicious",0,HK,AS135377 UCLOUD INFORMATION TECHNOLOGY (HK) LIMITED,0
169.102.36.98,9100,2025-03-20T07:50:59.162587+00:00,2025-03-20T07:50:59.162587+00:00,0.0,1,,open_conn,"malware, malicious",0,HK,AS135377 UCLOUD INFORMATION TECHNOLOGY (HK) LIMITED,0
169.102.36.98,9100,2025-03-20T07:51:00.196571+00:00,2025-03-20T07:51:00.196571+00:00,0.0,1,,open_conn,"malware, malicious",0,HK,AS135377 UCLOUD INFORMATION TECHNOLOGY (HK) LIMITED,0
169.102.36.98,9100,2025-03-20T07:51:00.602976+00:00,2025-03-20T07:51:00.602976+00:00,0.0,1,,open_conn,"malware, malicious",0,HK,AS135377 UCLOUD INFORMATION TECHNOLOGY (HK) LIMITED,0
169.102.36.98,9100,2025-03-20T07:51:00.999864+00:00,2025-03-20T07:51:01.001732+00:00,0.001868,3,,open_conn; request; close_conn,"malware, malicious",0,HK,AS135377 UCLOUD INFORMATION TECHNOLOGY (HK) LIMITED,0
169.102.36.98,9100,2025-03-20T07:51:01.218565+00:00,2025-03-20T07:51:09.011028+00:00,7.792463,3,,open_conn; request; close_conn,"malware, malicious",0,HK,AS135377 UCLOUD INFORMATION TECHNOLOGY (HK) LIMITED,0
169.102.36.98,9100,2025-03-20T07:51:09.207570+00:00,2025-03-20T07:51:09.410360+00:00,0.20279,7,"Client requests status; b'@PJL INFO STATUS\r\nCODE=10001\r\nDISPLAY=""Ready""\r\nONLINE=True'",open_conn; request; request; response; response; request; close_conn,"malware, malicious",0,HK,AS135377 UCLOUD INFORMATION TECHNOLOGY (HK) LIMITED,0
169.102.36.98,9100,2025-03-20T07:51:09.595136+00:00,2025-03-20T07:51:15.788756+00:00,6.19362,16,"Client requests status; b'@PJL INFO STATUS\r\nCODE=10001\r\nDISPLAY=""rdymsgarg""\r\nONLINE=True'; ID requested; b'@PJL INFO ID\r\nhp LaserJet 4200\r\n\x1b'",open_conn; request; request; response; request; response; response; request; request; response; response; request; cmd_unknown; response; request; close_conn,"malware, malicious",0,HK,AS135377 UCLOUD INFORMATION TECHNOLOGY (HK) LIMITED,0
68.185.136.212,9100,2025-03-20T10:50:14.803110+00:00,2025-03-20T10:50:14.803110+00:00,0.0,1,,open_conn,"malicious, malware",-1,US,AS6939 Hurricane Electric LLC,0
68.185.136.249,9100,2025-03-20T10:50:19.677933+00:00,2025-03-20T10:50:19.677933+00:00,0.0,1,,open_conn,"malicious, malware",-2,US,AS6939 Hurricane Electric LLC,0
164.48.145.69,9100,2025-03-20T14:18:38.220031+00:00,2025-03-20T14:18:38.220031+00:00,0.0,1,,open_conn,"malware, malicious",-2,TW,AS131596 TBC,0
152.63.223.107,9100,2025-03-20T15:03:55.468071+00:00,2025-03-20T15:03:55.468071+00:00,0.0,1,,open_conn,"malicious, malware",0,NL,AS209272 Alviva Holding Limited,0
91.216.17.102,9100,2025-03-21T00:53:27.506143+00:00,2025-03-21T00:53:27.506143+00:00,0.0,1,,open_conn,,0,VN,AS45899 VNPT Corp,0
91.216.17.102,9100,2025-03-21T00:53:32.515343+00:00,2025-03-21T00:53:32.515343+00:00,0.0,1,,open_conn,,0,VN,AS45899 VNPT Corp,0
240.120.180.237,9100,2025-03-21T01:23:59.730705+00:00,2025-03-21T01:23:59.730705+00:00,0.0,1,,open_conn,,0,US,"AS16509 Amazon.com, Inc.",0
173.57.185.88,9100,2025-03-19T07:26:15.043703+00:00,2025-03-19T07:26:15.043703+00:00,0.0,1,,open_conn,,0,KR,AS7623 Gyeongbuk Cable TV,0
133.94.131.214,9100,2025-03-19T10:42:08.882080+00:00,2025-03-19T10:42:11.813770+00:00,2.93169,8,,open_conn; request; append; response; response; request; saving; close_conn,"malicious, malware",-1,US,AS6939 Hurricane Electric LLC,0
133.94.131.202,9100,2025-03-19T11:18:27.526608+00:00,2025-03-19T11:18:27.526608+00:00,0.0,1,,open_conn,"malicious, malware, phishing",-1,US,AS6939 Hurricane Electric LLC,0
133.94.131.221,9100,2025-03-19T11:18:31.827574+00:00,2025-03-19T11:18:31.827574+00:00,0.0,1,,open_conn,"malicious, malware, phishing",-4,US,AS6939 Hurricane Electric LLC,0
211.65.202.230,9100,2025-03-19T13:41:38.734573+00:00,2025-03-19T13:41:38.734573+00:00,0.0,1,,open_conn,"malicious, malware, phishing",-6,US,AS63949 Akamai Connected Cloud,0
211.65.202.230,9100,2025-03-19T13:41:39.448564+00:00,2025-03-19T13:41:39.448564+00:00,0.0,1,,open_conn,"malicious, malware, phishing",-6,US,AS63949 Akamai Connected Cloud,0
82.89.23.22,9100,2025-03-19T20:47:36.013011+00:00,2025-03-19T20:47:36.013011+00:00,0.0,1,,open_conn,malware,-1,US,"AS7922 Comcast Cable Communications, LLC",0
133.94.131.24,9100,2025-03-20T00:38:47.267892+00:00,2025-03-20T00:38:50.221099+00:00,2.953207,8,,open_conn; request; append; response; response; request; saving; close_conn,"malicious, malware",-3,US,AS6939 Hurricane Electric LLC,0
18.196.199.86,9100,2025-03-18T07:10:56.154263+00:00,2025-03-18T07:10:56.154263+00:00,0.0,1,,open_conn,"malware, phishing, malicious",0,FR,AS16276 OVH SAS,0
18.196.199.86,9100,2025-03-18T07:10:56.501351+00:00,2025-03-18T07:11:09.522295+00:00,13.020944,8,,open_conn; request; append; response; response; request; saving; close_conn,"malware, phishing, malicious",0,FR,AS16276 OVH SAS,0
132.202.251.100,9100,2025-03-18T09:29:57.595974+00:00,2025-03-18T09:29:57.595974+00:00,0.0,1,,open_conn,"malicious, malware, phishing",-3,US,AS6939 Hurricane Electric LLC,0
132.202.251.111,9100,2025-03-18T09:30:00.945964+00:00,2025-03-18T09:30:00.945964+00:00,0.0,1,,open_conn,"malicious, malware, phishing",-2,US,AS6939 Hurricane Electric LLC,0
27.24.177.229,9100,2025-03-18T10:17:45.227919+00:00,2025-03-18T10:17:48.164880+00:00,2.936961,8,,open_conn; request; append; response; response; request; saving; close_conn,"malicious, malware",35,US,AS6939 Hurricane Electric LLC,0
196.71.216.230,9100,2025-03-18T12:56:49.089246+00:00,2025-03-18T12:56:49.089246+00:00,0.0,1,,open_conn,,0,KR,AS7562 HCN Dongjak,0
6.251.21.217,9100,2025-03-18T13:31:35.222393+00:00,2025-03-18T13:33:20.439276+00:00,105.216883,10,ID requested; b'@PJL INFO ID\r\nhp LaserJet 4200\r\n\x1b',open_conn; request; append; response; saving; request; response; response; receive; close_conn,"malicious, malware, phishing",-1,TW,AS396982 Google LLC,0
128.14.182.15,9100,2025-03-18T19:21:02.042281+00:00,2025-03-18T19:21:02.042281+00:00,0.0,1,,open_conn,malware,0,US,"AS7922 Comcast Cable Communications, LLC",0
81.82.244.41,9100,2025-03-19T00:14:12.708457+00:00,2025-03-19T00:14:12.708457+00:00,0.0,1,,open_conn,"malware, malicious",0,US,"AS7922 Comcast Cable Communications, LLC",0
133.94.131.39,9100,2025-03-17T07:45:48.756479+00:00,2025-03-17T07:45:51.744265+00:00,2.987786,8,,open_conn; request; append; response; response; request; saving; close_conn,"malicious, malware",-4,US,AS6939 Hurricane Electric LLC,0
68.185.216.39,9100,2025-03-17T12:02:18.239667+00:00,2025-03-17T12:02:18.239667+00:00,0.0,1,,open_conn,"malicious, malware, phishing",0,US,AS6939 Hurricane Electric LLC,0
68.185.216.51,9100,2025-03-17T12:02:22.528302+00:00,2025-03-17T12:02:22.528302+00:00,0.0,1,,open_conn,"malicious, malware",0,US,AS6939 Hurricane Electric LLC,0
213.162.66.242,9100,2025-03-17T13:11:38.237990+00:00,2025-03-17T13:11:38.237990+00:00,0.0,1,,open_conn,,0,SG,AS3758 SingNet,0
12.47.16.122,9100,2025-03-17T13:38:59.499992+00:00,2025-03-17T13:39:39.960257+00:00,40.460265,10,ID requested; b'@PJL INFO ID\r\nhp LaserJet 4200\r\n\x1b',open_conn; request; append; response; saving; request; response; response; receive; close_conn,"malicious, malware, phishing",-4,BR,AS396982 Google LLC,0
134.18.205.94,9100,2025-03-17T16:41:19.684166+00:00,2025-03-17T16:41:29.645285+00:00,9.961119,8,,open_conn; request; append; response; response; request; saving; close_conn,"phishing, malicious, malware",-1,US,AS398395 PureVoltage Hosting Inc.,0
152.60.107.245,9100,2025-03-18T00:00:37.673090+00:00,2025-03-18T00:00:37.673090+00:00,0.0,1,,open_conn,"malicious, malware",-1,FR,AS213412 ONYPHE SAS,0
152.60.107.245,9100,2025-03-18T00:00:38.065978+00:00,2025-03-18T00:00:51.072213+00:00,13.006235,8,,open_conn; request; append; response; response; request; saving; close_conn,"malicious, malware",-1,FR,AS213412 ONYPHE SAS,0
133.94.237.119,9100,2025-03-16T09:52:13.723620+00:00,2025-03-16T09:52:16.653037+00:00,2.929417,8,,open_conn; request; append; response; response; request; saving; close_conn,"malicious, malware, phishing",-1,US,AS6939 Hurricane Electric LLC,0
137.104.47.64,9100,2025-03-16T11:03:52.490994+00:00,2025-03-16T11:03:52.490994+00:00,0.0,1,,open_conn,"malicious, malware, phishing",0,US,AS6939 Hurricane Electric LLC,0
137.104.47.119,9100,2025-03-16T11:03:55.509155+00:00,2025-03-16T11:03:55.509155+00:00,0.0,1,,open_conn,"malware, phishing, malicious",-2,US,AS6939 Hurricane Electric LLC,0
128.255.1.232,9100,2025-03-16T15:26:56.422278+00:00,2025-03-16T15:26:56.422278+00:00,0.0,1,,open_conn,"malicious, phishing, malware",-2,US,"AS10439 CariNet, Inc.",0
128.255.1.232,9100,2025-03-16T15:42:22.925132+00:00,2025-03-16T15:42:32.867650+00:00,9.942518,8,,open_conn; request; append; response; response; request; saving; close_conn,"malicious, phishing, malware",-2,US,"AS10439 CariNet, Inc.",0
128.255.1.232,9100,2025-03-16T15:57:50.392353+00:00,2025-03-16T15:59:50.615439+00:00,120.223086,13,"Client requests status; b'@PJL INFO STATUS\r\nCODE=10001\r\nDISPLAY=""Ready""\r\nONLINE=True'; ID requested; b'@PJL INFO ID\r\nhp LaserJet 4200\r\n\x1b'",open_conn; request; request; response; response; request; request; response; response; request; cmd_unknown; response; close_conn,"malicious, phishing, malware",-2,US,"AS10439 CariNet, Inc.",0
99.34.63.240,9100,2025-03-16T17:57:08.146090+00:00,2025-03-16T17:57:08.146090+00:00,0.0,1,,open_conn,,0,NL,AS984 OCTOPUS WEB SOLUTION INC,0
132.95.35.206,9100,2025-03-17T01:30:27.568233+00:00,2025-03-17T01:30:27.568233+00:00,0.0,1,,open_conn,malware,0,US,AS11426 Charter Communications Inc,0
12.47.16.225,9100,2025-03-17T02:35:29.249036+00:00,2025-03-17T02:36:04.495559+00:00,35.246523,10,ID requested; b'@PJL INFO ID\r\nhp LaserJet 4200\r\n\x1b',open_conn; request; append; response; saving; request; response; response; receive; close_conn,"malicious, phishing, malware",-2,US,AS396982 Google LLC,0
6.251.21.97,9100,2025-03-15T13:40:20.154680+00:00,2025-03-15T13:41:14.132248+00:00,53.977568,10,ID requested; b'@PJL INFO ID\r\nhp LaserJet 4200\r\n\x1b',open_conn; request; append; response; saving; request; response; response; receive; close_conn,"malicious, malware, phishing",-3,BE,AS396982 Google LLC,0
196.136.116.65,9100,2025-03-15T18:12:53.872641+00:00,2025-03-15T18:12:53.872641+00:00,0.0,1,,open_conn,malicious,0,KR,AS4766 Korea Telecom,0
102.68.240.255,9100,2025-03-14T07:03:28.710744+00:00,2025-03-14T07:03:28.710744+00:00,0.0,1,,open_conn,"malicious, malware, phishing",-1,US,AS135377 UCLOUD INFORMATION TECHNOLOGY (HK) LIMITED,0
102.68.240.255,9100,2025-03-14T07:03:28.742714+00:00,2025-03-14T07:03:38.743283+00:00,10.000569,3,,open_conn; request; close_conn,"malicious, malware, phishing",-1,US,AS135377 UCLOUD INFORMATION TECHNOLOGY (HK) LIMITED,0
102.68.240.255,9100,2025-03-14T07:03:38.754650+00:00,2025-03-14T07:03:38.754650+00:00,0.0,1,,open_conn,"malicious, malware, phishing",-1,US,AS135377 UCLOUD INFORMATION TECHNOLOGY (HK) LIMITED,0
102.68.240.255,9100,2025-03-14T07:03:38.780710+00:00,2025-03-14T07:03:38.780710+00:00,0.0,1,,open_conn,"malicious, malware, phishing",-1,US,AS135377 UCLOUD INFORMATION TECHNOLOGY (HK) LIMITED,0
102.68.240.255,9100,2025-03-14T07:03:38.807341+00:00,2025-03-14T07:03:56.823190+00:00,18.015849,10,ID requested; b'@PJL INFO ID\r\nhp LaserJet 4200\r\n\x1b',open_conn; request; append; response; saving; request; response; response; request; close_conn,"malicious, malware, phishing",-1,US,AS135377 UCLOUD INFORMATION TECHNOLOGY (HK) LIMITED,0
108.90.123.48,9100,2025-03-14T09:15:37.176054+00:00,2025-03-14T09:15:37.678910+00:00,0.502856,10,ID requested; b'@PJL INFO ID\r\nhp LaserJet 4200\r\n\x1b',open_conn; request; append; response; saving; request; response; response; receive; close_conn,"malicious, phishing, malware",-5,US,AS396982 Google LLC,0
133.94.131.56,9100,2025-03-14T11:43:34.680460+00:00,2025-03-14T11:43:34.680460+00:00,0.0,1,,open_conn,"malicious, malware",-4,US,AS6939 Hurricane Electric LLC,0
133.94.131.61,9100,2025-03-14T11:43:40.209250+00:00,2025-03-14T11:43:40.209250+00:00,0.0,1,,open_conn,"malicious, malware, phishing",-5,US,AS6939 Hurricane Electric LLC,0
133.94.131.191,9100,2025-03-14T12:14:35.593135+00:00,2025-03-14T12:14:38.523141+00:00,2.930006,8,,open_conn; request; append; response; response; request; saving; close_conn,"malicious, malware, phishing",-3,US,AS6939 Hurricane Electric LLC,0
200.231.177.2,9100,2025-03-14T15:09:50.680252+00:00,2025-03-14T15:09:50.680252+00:00,0.0,1,,open_conn,malicious,-1,FR,AS16276 OVH SAS,0
200.231.177.2,9100,2025-03-14T15:09:51.103689+00:00,2025-03-14T15:10:04.105526+00:00,13.001837,8,,open_conn; request; append; response; response; request; saving; close_conn,malicious,-1,FR,AS16276 OVH SAS,0
211.129.60.192,9100,2025-03-14T19:30:09.611149+00:00,2025-03-14T19:30:09.611149+00:00,0.0,1,,open_conn,"phishing, malicious, malware",-1,NL,AS214295 SKYNET NETWORK LTD,0
211.129.60.192,9100,2025-03-14T19:30:09.787962+00:00,2025-03-14T19:30:19.701468+00:00,9.913506,8,,open_conn; request; append; response; response; request; saving; close_conn,"phishing, malicious, malware",-1,NL,AS214295 SKYNET NETWORK LTD,0
133.94.131.226,9100,2025-03-15T00:21:43.047293+00:00,2025-03-15T00:21:45.979316+00:00,2.932023,8,,open_conn; request; append; response; response; request; saving; close_conn,"malicious, malware",-4,US,AS6939 Hurricane Electric LLC,0
132.202.251.61,9100,2025-03-15T03:30:24.040746+00:00,2025-03-15T03:30:24.040746+00:00,0.0,1,,open_conn,"malicious, malware, phishing",-4,US,AS6939 Hurricane Electric LLC,0
132.202.251.44,9100,2025-03-15T03:30:29.333718+00:00,2025-03-15T03:30:29.333718+00:00,0.0,1,,open_conn,"malicious, malware, phishing",-3,US,AS6939 Hurricane Electric LLC,0
152.60.107.32,9100,2025-04-09T04:10:00.942492+00:00,2025-04-09T04:10:00.942492+00:00,0.0,1,,open_conn,"malicious, malware, phishing",-1,FR,AS213412 ONYPHE SAS,0
152.60.107.70,9100,2025-04-09T04:10:02.043874+00:00,2025-04-09T04:10:15.229787+00:00,13.185913,8,,open_conn; request; append; response; response; request; saving; close_conn,"malicious, malware",-1,FR,AS213412 ONYPHE SAS,0
91.216.17.102,9100,2025-04-09T08:23:07.686194+00:00,2025-04-09T08:23:12.410113+00:00,4.723919,8,,open_conn; request; append; response; response; request; saving; close_conn,,0,VN,AS45899 VNPT Corp,0
91.216.17.102,9100,2025-04-09T08:23:12.671862+00:00,2025-04-05T12:09:38.528620+00:00,-332014.1432,8,,open_conn; request; append; response; response; request; saving; close_conn,,0,VN,AS45899 VNPT Corp,0
173.174.139.135,9100,2025-04-09T09:07:47.797459+00:00,2025-04-09T09:07:47.797459+00:00,0.0,1,,open_conn,,0,TW,AS3462 Data Communication Business Group,0
157.57.204.25,9100,2025-04-09T11:04:23.591844+00:00,2025-04-09T11:04:23.591844+00:00,0.0,1,,open_conn,,0,IT,AS30722 Vodafone Italia S.p.A.,0
174.79.168.34,9100,2025-04-09T11:52:28.425162+00:00,2025-04-09T11:52:28.425162+00:00,0.0,1,,open_conn,"malicious, malware",-2,KR,AS4766 Korea Telecom,0
208.50.228.244,9100,2025-04-09T13:30:15.741826+00:00,2025-04-09T13:30:15.741826+00:00,0.0,1,,open_conn,"malicious, malware",0,SG,"AS45102 Alibaba (US) Technology Co., Ltd.",0
208.50.228.244,9100,2025-04-09T13:30:26.448422+00:00,2025-04-09T13:30:29.453544+00:00,3.005122,8,,open_conn; request; append; response; response; receive; saving; close_conn,"malicious, malware",0,SG,"AS45102 Alibaba (US) Technology Co., Ltd.",0
208.50.228.244,9100,2025-04-09T13:30:39.680754+00:00,2025-04-09T13:30:39.680754+00:00,0.0,1,,open_conn,"malicious, malware",0,SG,"AS45102 Alibaba (US) Technology Co., Ltd.",0
208.50.228.244,9100,2025-04-09T13:30:50.136873+00:00,2025-04-09T13:30:53.137964+00:00,3.001091,7,"Client requests status; b'@PJL INFO STATUS\r\nCODE=10001\r\nDISPLAY=""Ready""\r\nONLINE=True'",open_conn; request; request; response; response; receive; close_conn,"malicious, malware",0,SG,"AS45102 Alibaba (US) Technology Co., Ltd.",0
152.60.107.129,9100,2025-04-09T22:16:22.026871+00:00,2025-04-09T22:16:22.026871+00:00,0.0,1,,open_conn,"malicious, malware",0,FR,AS213412 ONYPHE SAS,0
152.60.107.129,9100,2025-04-09T22:16:22.946280+00:00,2025-04-09T22:16:36.074541+00:00,13.128261,8,,open_conn; request; append; response; response; request; saving; close_conn,"malicious, malware",0,FR,AS213412 ONYPHE SAS,0
191.192.228.170,9100,2025-04-09T22:51:24.528509+00:00,2025-04-09T22:52:24.571235+00:00,60.042726,8,,open_conn; request; append; response; response; request; saving; close_conn,malicious,0,VN,AS63734 365 Online technology joint stock company,0
218.78.206.155,9100,2025-04-10T02:27:28.806709+00:00,2025-04-10T02:27:28.806709+00:00,0.0,1,,open_conn,"malicious, malware",0,IT,AS30722 Vodafone Italia S.p.A.,0
132.202.251.130,9100,2025-03-13T07:08:04.419593+00:00,2025-03-13T07:08:04.419593+00:00,0.0,1,,open_conn,"malicious, malware",-1,US,AS6939 Hurricane Electric LLC,0
132.202.251.151,9100,2025-03-13T07:08:09.620486+00:00,2025-03-13T07:08:09.620486+00:00,0.0,1,,open_conn,"malicious, malware",-2,US,AS6939 Hurricane Electric LLC,0
240.117.11.223,9100,2025-03-13T07:11:11.262079+00:00,2025-03-13T07:11:11.262079+00:00,0.0,1,,open_conn,,0,US,"AS16509 Amazon.com, Inc.",0
238.226.147.175,9100,2025-03-13T07:11:20.629805+00:00,2025-03-13T07:11:20.629805+00:00,0.0,1,,open_conn,,0,US,"AS16509 Amazon.com, Inc.",0
128.255.29.186,9100,2025-03-13T12:25:36.427541+00:00,2025-03-13T12:25:41.185257+00:00,4.757716,14,"Client requests status; b'@PJL INFO STATUS\r\nCODE=10001\r\nDISPLAY=""Ready""\r\nONLINE=True'; ID requested; b'@PJL INFO ID\r\nhp LaserJet 4200\r\n\x1b'",open_conn; request; request; response; response; request; request; response; response; request; cmd_unknown; response; request; close_conn,"malicious, phishing, malware",-75,US,"AS10439 CariNet, Inc.",1
12.47.16.161,9100,2025-03-13T13:39:39.435779+00:00,2025-03-13T13:40:43.228610+00:00,63.792831,10,ID requested; b'@PJL INFO ID\r\nhp LaserJet 4200\r\n\x1b',open_conn; request; append; response; saving; request; response; response; receive; close_conn,"malicious, malware, phishing",-4,US,AS396982 Google LLC,0
133.94.131.203,9100,2025-03-13T14:07:25.686872+00:00,2025-03-13T14:07:28.607444+00:00,2.920572,8,,open_conn; request; append; response; response; request; saving; close_conn,"malware, phishing, malicious",-3,US,AS6939 Hurricane Electric LLC,0
75.93.32.139,9100,2025-03-14T00:39:05.517700+00:00,2025-03-14T00:39:10.435394+00:00,4.917694,9,"Client requests status; b'@PJL INFO STATUS\r\nCODE=10001\r\nDISPLAY=""Ready""\r\nONLINE=True'; ID requested; b'@PJL INFO ID\r\nhp LaserJet 4200\r\n\x1b'",open_conn; request; request; response; request; response; response; request; close_conn,,0,CN,AS4812 China Telecom (Group),0
75.93.32.139,9100,2025-03-14T00:39:10.659413+00:00,2025-03-14T00:39:10.659413+00:00,0.0,1,,open_conn,,0,CN,AS4812 China Telecom (Group),0
75.93.32.139,9100,2025-03-14T00:39:11.064203+00:00,2025-03-14T00:39:15.731475+00:00,4.667272,8,,open_conn; request; append; response; response; request; saving; close_conn,,0,CN,AS4812 China Telecom (Group),0
75.93.32.139,9100,2025-03-14T00:39:15.967563+00:00,2025-03-14T00:39:20.563246+00:00,4.595683,8,,open_conn; request; append; response; response; request; saving; close_conn,,0,CN,AS4812 China Telecom (Group),0
75.93.32.139,9100,2025-03-14T00:39:20.749934+00:00,2025-03-14T00:39:25.564923+00:00,4.814989,8,,open_conn; request; append; response; response; request; saving; close_conn,,0,CN,AS4812 China Telecom (Group),0
75.93.32.139,9100,2025-03-14T00:39:25.766011+00:00,2025-03-14T00:39:25.766011+00:00,0.0,1,,open_conn,,0,CN,AS4812 China Telecom (Group),0
75.93.32.139,9100,2025-03-14T00:39:26.205935+00:00,2025-03-14T00:39:30.728682+00:00,4.522747,8,,open_conn; request; append; response; response; request; saving; close_conn,,0,CN,AS4812 China Telecom (Group),0
75.93.32.139,9100,2025-03-14T00:39:30.912261+00:00,2025-03-14T00:39:30.912261+00:00,0.0,1,,open_conn,,0,CN,AS4812 China Telecom (Group),0
75.93.32.139,9100,2025-03-14T00:39:31.316609+00:00,2025-03-14T00:39:31.316609+00:00,0.0,1,,open_conn,,0,CN,AS4812 China Telecom (Group),0
75.93.32.139,9100,2025-03-14T00:39:31.755623+00:00,2025-03-14T00:39:36.598184+00:00,4.842561,8,,open_conn; request; append; response; response; request; saving; close_conn,,0,CN,AS4812 China Telecom (Group),0
240.113.103.100,9100,2025-03-14T00:45:39.883231+00:00,2025-03-14T00:45:39.883231+00:00,0.0,1,,open_conn,,0,US,"AS16509 Amazon.com, Inc.",0
12.47.16.207,9100,2025-03-14T02:29:40.626413+00:00,2025-03-14T02:30:15.852147+00:00,35.225734,10,ID requested; b'@PJL INFO ID\r\nhp LaserJet 4200\r\n\x1b',open_conn; request; append; response; saving; request; response; response; receive; close_conn,"malicious, phishing, malware",-5,US,AS396982 Google LLC,0
144.250.32.73,9100,2025-04-08T04:32:01.032999+00:00,2025-04-08T04:32:01.032999+00:00,0.0,1,,open_conn,malicious,0,IT,AS3269 Telecom Italia S.p.A.,0
144.250.32.73,9100,2025-04-08T04:32:09.182174+00:00,2025-04-08T04:32:09.182174+00:00,0.0,1,,open_conn,malicious,0,IT,AS3269 Telecom Italia S.p.A.,0
22.83.126.60,9100,2025-04-08T04:34:31.515585+00:00,2025-04-08T04:36:31.616537+00:00,120.100952,2,,open_conn; close_conn,"malicious, malware, phishing",-2,AU,AS9443 Vocus Retail,0
22.83.126.60,9100,2025-04-08T04:36:31.616851+00:00,2025-04-08T04:38:31.718773+00:00,120.101922,2,,open_conn; close_conn,"malicious, malware, phishing",-2,AU,AS9443 Vocus Retail,0
22.83.126.60,9100,2025-04-08T04:38:31.719101+00:00,2025-04-08T04:38:31.719101+00:00,0.0,1,,open_conn,"malicious, malware, phishing",-2,AU,AS9443 Vocus Retail,0
133.94.237.126,9100,2025-04-08T12:17:30.246907+00:00,2025-04-08T12:17:33.178692+00:00,2.931785,8,,open_conn; request; append; response; response; request; saving; close_conn,"malicious, malware",-52,US,AS6939 Hurricane Electric LLC,1
169.206.165.110,9100,2025-04-08T13:10:18.272475+00:00,2025-04-08T13:10:18.272475+00:00,0.0,1,,open_conn,"malicious, malware, phishing",-1,KR,AS135377 UCLOUD INFORMATION TECHNOLOGY (HK) LIMITED,0
169.206.165.110,9100,2025-04-08T13:10:18.626815+00:00,2025-04-08T13:10:28.626934+00:00,10.000119,3,,open_conn; request; close_conn,"malicious, malware, phishing",-1,KR,AS135377 UCLOUD INFORMATION TECHNOLOGY (HK) LIMITED,0
169.206.165.110,9100,2025-04-08T13:10:28.790351+00:00,2025-04-08T13:10:28.790351+00:00,0.0,1,,open_conn,"malicious, malware, phishing",-1,KR,AS135377 UCLOUD INFORMATION TECHNOLOGY (HK) LIMITED,0
169.206.165.110,9100,2025-04-08T13:10:29.135283+00:00,2025-04-08T13:10:29.135283+00:00,0.0,1,,open_conn,"malicious, malware, phishing",-1,KR,AS135377 UCLOUD INFORMATION TECHNOLOGY (HK) LIMITED,0
169.206.165.110,9100,2025-04-08T13:10:29.494770+00:00,2025-04-08T13:10:47.678583+00:00,18.183813,10,ID requested; b'@PJL INFO ID\r\nhp LaserJet 4200\r\n\x1b',open_conn; request; append; response; saving; request; response; response; request; close_conn,"malicious, malware, phishing",-1,KR,AS135377 UCLOUD INFORMATION TECHNOLOGY (HK) LIMITED,0
167.56.32.97,9100,2025-04-08T16:53:29.470372+00:00,2025-04-08T16:53:55.582864+00:00,26.112492,3,,open_conn; request; close_conn,malicious,0,PH,AS17639 Converge ICT Solutions Inc.,0
167.56.32.97,9100,2025-04-08T16:53:57.506099+00:00,2025-04-08T16:54:22.507785+00:00,25.001686,3,,open_conn; request; close_conn,malicious,0,PH,AS17639 Converge ICT Solutions Inc.,0
167.56.32.97,9100,2025-04-08T16:54:24.432450+00:00,2025-04-08T16:54:51.448694+00:00,27.016244,3,,open_conn; request; close_conn,malicious,0,PH,AS17639 Converge ICT Solutions Inc.,0
167.56.32.97,9100,2025-04-08T16:54:51.448877+00:00,2025-04-08T16:55:12.975109+00:00,21.526232,3,,open_conn; request; close_conn,malicious,0,PH,AS17639 Converge ICT Solutions Inc.,0
167.56.32.97,9100,2025-04-08T16:55:21.197249+00:00,2025-04-08T16:55:30.870860+00:00,9.673611,3,,open_conn; request; close_conn,malicious,0,PH,AS17639 Converge ICT Solutions Inc.,0
240.147.118.134,9100,2025-04-08T17:39:30.258384+00:00,2025-04-08T17:39:40.255884+00:00,9.9975,8,,open_conn; request; append; response; response; request; saving; close_conn,,0,US,"AS16509 Amazon.com, Inc.",0
240.147.118.134,9100,2025-04-08T17:40:07.291440+00:00,2025-04-08T17:40:07.293553+00:00,0.002113,3,,open_conn; request; close_conn,,0,US,"AS16509 Amazon.com, Inc.",0
240.147.118.134,9100,2025-04-08T17:41:56.130995+00:00,2025-04-08T17:42:06.132896+00:00,10.001901,8,,open_conn; request; append; response; response; request; saving; close_conn,,0,US,"AS16509 Amazon.com, Inc.",0
240.147.118.134,9100,2025-04-08T17:43:26.019436+00:00,2025-04-08T17:43:26.019436+00:00,0.0,1,,open_conn,,0,US,"AS16509 Amazon.com, Inc.",0
240.147.118.134,9100,2025-04-08T17:44:50.033821+00:00,2025-04-08T17:45:00.034886+00:00,10.001065,8,,open_conn; request; append; response; response; request; saving; close_conn,,0,US,"AS16509 Amazon.com, Inc.",0
240.147.118.134,9100,2025-04-08T17:46:18.128830+00:00,2025-04-08T17:46:18.128830+00:00,0.0,1,,open_conn,,0,US,"AS16509 Amazon.com, Inc.",0
231.91.13.143,9100,2025-04-08T23:01:05.529424+00:00,2025-04-08T23:01:05.529424+00:00,0.0,1,,open_conn,,0,KR,AS7562 HCN Dongjak,0
132.202.251.214,9100,2025-04-09T00:04:37.687962+00:00,2025-04-09T00:04:40.623728+00:00,2.935766,8,,open_conn; request; append; response; response; request; saving; close_conn,"malicious, malware",-55,US,AS6939 Hurricane Electric LLC,1
185.144.22.151,9100,2025-04-07T06:51:24.411128+00:00,2025-04-07T06:51:24.411128+00:00,0.0,1,,open_conn,"malicious, malware",0,US,AS7029 Windstream Communications LLC,0
180.202.163.35,9100,2025-04-07T07:47:14.292732+00:00,2025-04-07T07:49:14.381394+00:00,120.088662,2,,open_conn; close_conn,"malicious, malware",0,US,AS396982 Google LLC,0
180.202.163.35,9100,2025-04-07T07:49:14.381721+00:00,2025-04-07T07:49:14.381721+00:00,0.0,1,,open_conn,"malicious, malware",0,US,AS396982 Google LLC,0
180.202.163.35,9100,2025-04-07T07:49:14.383529+00:00,2025-04-07T07:49:14.386683+00:00,0.003154,8,,open_conn; request; append; response; response; request; saving; close_conn,"malicious, malware",0,US,AS396982 Google LLC,0
132.202.251.229,9100,2025-04-07T13:32:08.575443+00:00,2025-04-07T13:32:08.575443+00:00,0.0,1,,open_conn,"malicious, malware",0,US,AS6939 Hurricane Electric LLC,0
132.202.251.230,9100,2025-04-07T13:32:14.626923+00:00,2025-04-07T13:32:14.626923+00:00,0.0,1,,open_conn,"malicious, malware",0,US,AS6939 Hurricane Electric LLC,0
6.251.21.121,9100,2025-04-07T13:45:51.655417+00:00,2025-04-07T13:45:52.295257+00:00,0.63984,10,ID requested; b'@PJL INFO ID\r\nhp LaserJet 4200\r\n\x1b',open_conn; request; append; response; saving; request; response; response; receive; close_conn,"malicious, malware, phishing",-55,BE,AS396982 Google LLC,1
108.90.123.162,9100,2025-04-07T18:50:03.542731+00:00,2025-04-07T18:50:03.580577+00:00,0.037846,10,ID requested; b'@PJL INFO ID\r\nhp LaserJet 4200\r\n\x1b',open_conn; request; append; response; saving; request; response; response; receive; close_conn,"malicious, malware, phishing",-4,US,AS396982 Google LLC,0
174.32.214.93,9100,2025-04-08T03:40:39.119527+00:00,2025-04-08T03:40:53.630501+00:00,14.510974,3,,open_conn; receive; close_conn,"malicious, malware",0,KR,AS3786 LG DACOM Corporation,0
174.32.214.93,9100,2025-04-08T03:40:54.703589+00:00,2025-04-08T03:41:10.097584+00:00,15.393995,3,,open_conn; receive; close_conn,"malicious, malware",0,KR,AS3786 LG DACOM Corporation,0
174.32.214.93,9100,2025-04-08T03:41:11.606456+00:00,2025-04-08T03:41:26.826408+00:00,15.219952,3,,open_conn; receive; close_conn,"malicious, malware",0,KR,AS3786 LG DACOM Corporation,0
174.32.214.93,9100,2025-04-08T03:41:28.062732+00:00,2025-04-08T03:41:42.941770+00:00,14.879038,3,,open_conn; receive; close_conn,"malicious, malware",0,KR,AS3786 LG DACOM Corporation,0
174.32.214.93,9100,2025-04-08T03:41:43.989210+00:00,2025-04-08T03:41:58.817794+00:00,14.828584,3,,open_conn; receive; close_conn,"malicious, malware",0,KR,AS3786 LG DACOM Corporation,0
174.32.214.93,9100,2025-04-08T03:41:59.784655+00:00,2025-04-08T03:42:15.157394+00:00,15.372739,3,,open_conn; receive; close_conn,"malicious, malware",0,KR,AS3786 LG DACOM Corporation,0
133.94.237.52,9100,2025-04-06T07:38:40.446686+00:00,2025-04-06T07:38:43.384689+00:00,2.938003,8,,open_conn; request; append; response; response; request; saving; close_conn,"malicious, malware, phishing",-2,US,AS6939 Hurricane Electric LLC,0
6.251.21.177,9100,2025-04-06T13:34:25.265841+00:00,2025-04-06T13:34:29.858810+00:00,4.592969,10,ID requested; b'@PJL INFO ID\r\nhp LaserJet 4200\r\n\x1b',open_conn; request; append; response; saving; request; response; response; receive; close_conn,"malicious, phishing, malware",-5,TW,AS396982 Google LLC,0
254.44.210.27,9100,2025-04-06T17:23:55.557738+00:00,2025-04-06T17:24:10.356294+00:00,14.798556,3,,open_conn; receive; close_conn,malicious,0,IN,AS45820 Tata Teleservices ISP AS,0
254.44.210.27,9100,2025-04-06T17:24:11.001704+00:00,2025-04-06T17:24:25.422364+00:00,14.42066,3,,open_conn; receive; close_conn,malicious,0,IN,AS45820 Tata Teleservices ISP AS,0
254.44.210.27,9100,2025-04-06T17:24:26.056426+00:00,2025-04-06T17:24:40.443682+00:00,14.387256,3,,open_conn; receive; close_conn,malicious,0,IN,AS45820 Tata Teleservices ISP AS,0
254.44.210.27,9100,2025-04-06T17:24:41.025433+00:00,2025-04-06T17:24:55.441844+00:00,14.416411,3,,open_conn; receive; close_conn,malicious,0,IN,AS45820 Tata Teleservices ISP AS,0
254.44.210.27,9100,2025-04-06T17:24:56.078158+00:00,2025-04-06T17:25:10.596907+00:00,14.518749,3,,open_conn; receive; close_conn,malicious,0,IN,AS45820 Tata Teleservices ISP AS,0
254.44.210.27,9100,2025-04-06T17:25:11.253843+00:00,2025-04-06T17:25:25.612783+00:00,14.35894,3,,open_conn; receive; close_conn,malicious,0,IN,AS45820 Tata Teleservices ISP AS,0
168.167.134.115,9100,2025-04-07T00:38:50.162630+00:00,2025-04-07T00:38:50.162630+00:00,0.0,1,,open_conn,"malware, malicious",0,KR,AS9981 Saero Network Service LTD,0
167.68.164.227,9100,2025-04-05T03:51:11.111468+00:00,2025-04-05T03:51:11.111468+00:00,0.0,1,,open_conn,,0,MY,AS9534 Binariang Berhad,0
174.75.169.224,9100,2025-04-05T07:20:17.643136+00:00,2025-04-05T07:20:17.643136+00:00,0.0,1,,open_conn,,0,KR,AS4766 Korea Telecom,0
91.216.17.102,9100,2025-04-05T12:09:33.787217+00:00,2025-04-05T12:09:33.787217+00:00,0.0,1,,open_conn,,0,VN,AS45899 VNPT Corp,0
91.216.17.102,9100,2025-04-05T12:09:38.819866+00:00,2025-04-05T12:09:38.819866+00:00,0.0,1,,open_conn,,0,VN,AS45899 VNPT Corp,0
11.54.0.156,9100,2025-04-05T21:54:46.398200+00:00,2025-04-05T21:54:46.398200+00:00,0.0,1,,open_conn,"malicious, malware, phishing",-2,NL,AS50219 Valence Technology Co.,0
11.54.0.156,9100,2025-04-05T22:10:14.021823+00:00,2025-04-05T22:10:23.932098+00:00,9.910275,8,,open_conn; request; append; response; response; request; saving; close_conn,"malicious, malware, phishing",-2,NL,AS50219 Valence Technology Co.,0
11.54.0.156,9100,2025-04-05T22:25:48.037981+00:00,2025-04-05T22:27:48.325063+00:00,120.287082,13,"Client requests status; b'@PJL INFO STATUS\r\nCODE=10001\r\nDISPLAY=""Ready""\r\nONLINE=True'; ID requested; b'@PJL INFO ID\r\nhp LaserJet 4200\r\n\x1b'",open_conn; request; request; response; response; request; request; response; response; request; cmd_unknown; response; close_conn,"malicious, malware, phishing",-2,NL,AS50219 Valence Technology Co.,0
133.94.237.248,9100,2025-04-06T00:51:30.603421+00:00,2025-04-06T00:51:30.603421+00:00,0.0,1,,open_conn,"malicious, malware",-1,US,AS6939 Hurricane Electric LLC,0
133.94.237.241,9100,2025-04-06T00:51:35.402928+00:00,2025-04-06T00:51:35.402928+00:00,0.0,1,,open_conn,"malicious, malware",-2,US,AS6939 Hurricane Electric LLC,0
165.18.144.12,9100,2025-04-04T04:51:47.530040+00:00,2025-04-04T04:51:47.530040+00:00,0.0,1,,open_conn,"malicious, malware",0,TW,AS3462 Data Communication Business Group,0
196.254.206.108,9100,2025-04-04T06:11:15.202027+00:00,2025-04-04T06:11:15.202027+00:00,0.0,1,,open_conn,malicious,0,TW,AS3462 Data Communication Business Group,0
211.156.121.13,9100,2025-04-04T06:56:18.380149+00:00,2025-04-04T06:56:23.460686+00:00,5.080537,13,"Client requests status; b'@PJL INFO STATUS\r\nCODE=10001\r\nDISPLAY=""Ready""\r\nONLINE=True'; ID requested; b'@PJL INFO ID\r\nhp LaserJet 4200\r\n\x1b'",open_conn; request; append; response; saving; request; response; request; response; cmd_unknown; response; request; close_conn,"malicious, phishing, malware",0,US,"AS211680 NSEC - Sistemas Informaticos, S.A.",0
180.202.163.213,9100,2025-04-04T07:40:53.758129+00:00,2025-04-04T07:42:53.859071+00:00,120.100942,2,,open_conn; close_conn,"malicious, malware",-2,US,AS396982 Google LLC,0
180.202.163.213,9100,2025-04-04T07:42:53.859429+00:00,2025-04-04T07:42:53.859429+00:00,0.0,1,,open_conn,"malicious, malware",-2,US,AS396982 Google LLC,0
180.202.163.213,9100,2025-04-04T07:42:53.861741+00:00,2025-04-04T07:42:53.863596+00:00,0.001855,8,,open_conn; request; append; response; response; request; saving; close_conn,"malicious, malware",-2,US,AS396982 Google LLC,0
132.202.226.124,9100,2025-04-04T07:59:10.935048+00:00,2025-04-04T07:59:13.872510+00:00,2.937462,8,,open_conn; request; append; response; response; request; saving; close_conn,"malicious, malware",-70,US,AS6939 Hurricane Electric LLC,1
132.202.251.84,9100,2025-04-04T09:38:39.253800+00:00,2025-04-04T09:38:39.253800+00:00,0.0,1,,open_conn,"malicious, malware, phishing",-2,US,AS6939 Hurricane Electric LLC,0
132.202.251.93,9100,2025-04-04T09:38:44.056218+00:00,2025-04-04T09:38:44.056218+00:00,0.0,1,,open_conn,"malicious, phishing, malware",-2,US,AS6939 Hurricane Electric LLC,0
12.47.16.170,9100,2025-04-04T13:38:02.623536+00:00,2025-04-04T13:38:02.868977+00:00,0.245441,10,ID requested; b'@PJL INFO ID\r\nhp LaserJet 4200\r\n\x1b',open_conn; request; append; response; saving; request; response; response; receive; close_conn,"malicious, phishing, malware",-4,US,AS396982 Google LLC,0
180.155.203.213,9100,2025-04-05T00:16:57.940650+00:00,2025-04-05T00:18:58.042012+00:00,120.101362,2,,open_conn; close_conn,"malicious, malware, phishing",-6,US,AS14987 Rethem Hosting LLC,0
12.47.16.124,9100,2025-04-05T02:35:08.622205+00:00,2025-04-05T02:35:16.187042+00:00,7.564837,10,ID requested; b'@PJL INFO ID\r\nhp LaserJet 4200\r\n\x1b',open_conn; request; append; response; saving; request; response; response; receive; close_conn,"malicious, malware, phishing",-57,BR,AS396982 Google LLC,1
133.94.237.236,9100,2025-04-03T05:38:11.404572+00:00,2025-04-03T05:38:14.359160+00:00,2.954588,8,,open_conn; request; append; response; response; request; saving; close_conn,"malicious, malware",-1,US,AS6939 Hurricane Electric LLC,0
173.164.50.215,9100,2025-04-03T10:41:22.937204+00:00,2025-04-03T10:41:22.937204+00:00,0.0,1,,open_conn,,0,TW,AS3462 Data Communication Business Group,0
211.156.123.128,9100,2025-04-03T13:31:54.307965+00:00,2025-04-03T13:32:02.297787+00:00,7.989822,8,,open_conn; request; append; response; response; request; saving; close_conn,"malicious, malware, phishing",0,US,"AS211680 NSEC - Sistemas Informaticos, S.A.",0
162.155.65.197,9100,2025-04-03T20:18:59.934845+00:00,2025-04-03T20:18:59.934845+00:00,0.0,1,,open_conn,,0,TH,AS23969 TOT Public Company Limited,0
196.255.77.233,9100,2025-04-03T23:19:17.246107+00:00,2025-04-03T23:19:17.246107+00:00,0.0,1,,open_conn,malicious,0,TW,AS3462 Data Communication Business Group,0
4.7.143.143,9100,2025-04-04T01:15:56.075300+00:00,2025-04-04T01:15:56.075300+00:00,0.0,1,,open_conn,"malicious, malware",0,KE,AS36866 Jamii Telecommunications Limited,0
240.113.103.100,9100,2025-04-04T03:23:45.653481+00:00,2025-04-04T03:23:45.653481+00:00,0.0,1,,open_conn,,0,US,"AS16509 Amazon.com, Inc.",0
